,Generation id,Number of archives,Average fog amount for whole generation,Name of the individual,Fog density of failure version,Fog density of successful version,Average fog density of individual,standard deviation
0,0,1,0.15256613687121137,ind3,0.18256613687121137,0.12256613687121136,0.15256613687121137,0.030000000000000006
1,1,2,0.17814772123058803,ind17,0.24122930558996464,0.16622930558996465,0.20372930558996466,0.03749999999999999
2,1,2,0.17814772123058803,ind3,0.18256613687121137,0.12256613687121136,0.15256613687121137,0.030000000000000006
84,2,2,0.185647721230588,ind35,0.24122930558996464,0.19622930558996465,0.21872930558996465,0.022499999999999992
83,2,2,0.185647721230588,ind3,0.18256613687121137,0.12256613687121136,0.15256613687121137,0.030000000000000006
192,3,2,0.185647721230588,ind3,0.18256613687121137,0.12256613687121136,0.15256613687121137,0.030000000000000006
193,3,2,0.185647721230588,ind35,0.24122930558996464,0.19622930558996465,0.21872930558996465,0.022499999999999992
312,4,2,0.185647721230588,ind3,0.18256613687121137,0.12256613687121136,0.15256613687121137,0.030000000000000006
313,4,2,0.185647721230588,ind35,0.24122930558996464,0.19622930558996465,0.21872930558996465,0.022499999999999992
434,5,2,0.185647721230588,ind3,0.18256613687121137,0.12256613687121136,0.15256613687121137,0.030000000000000006
435,5,2,0.185647721230588,ind35,0.24122930558996464,0.19622930558996465,0.21872930558996465,0.022499999999999992
436,6,3,0.16371302289926418,ind35,0.24122930558996464,0.19622930558996465,0.21872930558996465,0.022499999999999992
437,6,3,0.16371302289926418,ind96,0.2023436262366165,0.052343626236616515,0.12734362623661652,0.075
438,6,3,0.16371302289926418,ind99,0.16756613687121136,0.12256613687121136,0.14506613687121137,0.0225
439,7,4,0.17152547745460384,ind107,0.2023436262366165,0.12734362623661652,0.16484362623661653,0.03749999999999999
441,7,4,0.17152547745460384,ind116,0.24122930558996464,0.21122930558996464,0.22622930558996462,0.015
442,7,4,0.17152547745460384,ind99,0.16756613687121136,0.12256613687121136,0.14506613687121137,0.0225
440,7,4,0.17152547745460384,ind114,0.19496284112062276,0.10496284112062276,0.14996284112062275,0.045
443,8,5,0.1650482782023496,ind107,0.2023436262366165,0.12734362623661652,0.16484362623661653,0.03749999999999999
444,8,5,0.1650482782023496,ind116,0.24122930558996464,0.21122930558996464,0.22622930558996462,0.015
445,8,5,0.1650482782023496,ind133,0.19496284112062276,0.13496284112062276,0.16496284112062276,0.03
446,8,5,0.1650482782023496,ind139,0.16163948119333268,0.08663948119333269,0.12413948119333268,0.0375
447,8,5,0.1650482782023496,ind99,0.16756613687121136,0.12256613687121136,0.14506613687121137,0.0225
451,9,7,0.1525456120631334,ind149,0.16163948119333268,0.1466394811933327,0.1541394811933327,0.007499999999999993
452,9,7,0.1525456120631334,ind154,0.09278976906054667,0.06278976906054667,0.07778976906054667,0.015
453,9,7,0.1525456120631334,ind156,0.1797881243696391,0.08978812436963911,0.1347881243696391,0.04499999999999999
448,9,7,0.1525456120631334,ind107,0.2023436262366165,0.12734362623661652,0.16484362623661653,0.03749999999999999
449,9,7,0.1525456120631334,ind116,0.24122930558996464,0.21122930558996464,0.22622930558996462,0.015
450,9,7,0.1525456120631334,ind133,0.19496284112062276,0.13496284112062276,0.16496284112062276,0.03
454,9,7,0.1525456120631334,ind99,0.16756613687121136,0.12256613687121136,0.14506613687121137,0.0225
3,10,7,0.1525456120631334,ind107,0.2023436262366165,0.12734362623661652,0.16484362623661653,0.03749999999999999
5,10,7,0.1525456120631334,ind133,0.19496284112062276,0.13496284112062276,0.16496284112062276,0.03
6,10,7,0.1525456120631334,ind149,0.16163948119333268,0.1466394811933327,0.1541394811933327,0.007499999999999993
7,10,7,0.1525456120631334,ind154,0.09278976906054667,0.06278976906054667,0.07778976906054667,0.015
8,10,7,0.1525456120631334,ind156,0.1797881243696391,0.08978812436963911,0.1347881243696391,0.04499999999999999
9,10,7,0.1525456120631334,ind99,0.16756613687121136,0.12256613687121136,0.14506613687121137,0.0225
4,10,7,0.1525456120631334,ind116,0.24122930558996464,0.21122930558996464,0.22622930558996462,0.015
10,11,7,0.1525456120631334,ind107,0.2023436262366165,0.12734362623661652,0.16484362623661653,0.03749999999999999
12,11,7,0.1525456120631334,ind133,0.19496284112062276,0.13496284112062276,0.16496284112062276,0.03
13,11,7,0.1525456120631334,ind149,0.16163948119333268,0.1466394811933327,0.1541394811933327,0.007499999999999993
11,11,7,0.1525456120631334,ind116,0.24122930558996464,0.21122930558996464,0.22622930558996462,0.015
15,11,7,0.1525456120631334,ind156,0.1797881243696391,0.08978812436963911,0.1347881243696391,0.04499999999999999
16,11,7,0.1525456120631334,ind99,0.16756613687121136,0.12256613687121136,0.14506613687121137,0.0225
14,11,7,0.1525456120631334,ind154,0.09278976906054667,0.06278976906054667,0.07778976906054667,0.015
17,12,7,0.1525456120631334,ind107,0.2023436262366165,0.12734362623661652,0.16484362623661653,0.03749999999999999
18,12,7,0.1525456120631334,ind116,0.24122930558996464,0.21122930558996464,0.22622930558996462,0.015
19,12,7,0.1525456120631334,ind133,0.19496284112062276,0.13496284112062276,0.16496284112062276,0.03
20,12,7,0.1525456120631334,ind149,0.16163948119333268,0.1466394811933327,0.1541394811933327,0.007499999999999993
21,12,7,0.1525456120631334,ind154,0.09278976906054667,0.06278976906054667,0.07778976906054667,0.015
22,12,7,0.1525456120631334,ind156,0.1797881243696391,0.08978812436963911,0.1347881243696391,0.04499999999999999
23,12,7,0.1525456120631334,ind99,0.16756613687121136,0.12256613687121136,0.14506613687121137,0.0225
26,13,7,0.14718846920599055,ind133,0.19496284112062276,0.13496284112062276,0.16496284112062276,0.03
30,13,7,0.14718846920599055,ind219,0.12256613687121136,0.09256613687121136,0.10756613687121136,0.015
27,13,7,0.14718846920599055,ind149,0.16163948119333268,0.1466394811933327,0.1541394811933327,0.007499999999999993
24,13,7,0.14718846920599055,ind107,0.2023436262366165,0.12734362623661652,0.16484362623661653,0.03749999999999999
25,13,7,0.14718846920599055,ind116,0.24122930558996464,0.21122930558996464,0.22622930558996462,0.015
28,13,7,0.14718846920599055,ind154,0.09278976906054667,0.06278976906054667,0.07778976906054667,0.015
29,13,7,0.14718846920599055,ind156,0.1797881243696391,0.08978812436963911,0.1347881243696391,0.04499999999999999
31,14,7,0.14718846920599055,ind107,0.2023436262366165,0.12734362623661652,0.16484362623661653,0.03749999999999999
32,14,7,0.14718846920599055,ind116,0.24122930558996464,0.21122930558996464,0.22622930558996462,0.015
33,14,7,0.14718846920599055,ind133,0.19496284112062276,0.13496284112062276,0.16496284112062276,0.03
34,14,7,0.14718846920599055,ind149,0.16163948119333268,0.1466394811933327,0.1541394811933327,0.007499999999999993
35,14,7,0.14718846920599055,ind154,0.09278976906054667,0.06278976906054667,0.07778976906054667,0.015
36,14,7,0.14718846920599055,ind156,0.1797881243696391,0.08978812436963911,0.1347881243696391,0.04499999999999999
37,14,7,0.14718846920599055,ind219,0.12256613687121136,0.09256613687121136,0.10756613687121136,0.015
41,15,9,0.14373718950664086,ind149,0.16163948119333268,0.1466394811933327,0.1541394811933327,0.007499999999999993
46,15,9,0.14373718950664086,ind249,0.17490455070797883,0.08490455070797882,0.12990455070797882,0.045000000000000005
45,15,9,0.14373718950664086,ind244,0.22341087040985497,0.04341087040985496,0.13341087040985497,0.09
44,15,9,0.14373718950664086,ind219,0.12256613687121136,0.09256613687121136,0.10756613687121136,0.015
43,15,9,0.14373718950664086,ind156,0.1797881243696391,0.08978812436963911,0.1347881243696391,0.04499999999999999
42,15,9,0.14373718950664086,ind154,0.09278976906054667,0.06278976906054667,0.07778976906054667,0.015
40,15,9,0.14373718950664086,ind133,0.19496284112062276,0.13496284112062276,0.16496284112062276,0.03
39,15,9,0.14373718950664086,ind116,0.24122930558996464,0.21122930558996464,0.22622930558996462,0.015
38,15,9,0.14373718950664086,ind107,0.2023436262366165,0.12734362623661652,0.16484362623661653,0.03749999999999999
53,16,9,0.15040385617330754,ind249,0.17490455070797883,0.08490455070797882,0.12990455070797882,0.045000000000000005
52,16,9,0.15040385617330754,ind219,0.12256613687121136,0.09256613687121136,0.10756613687121136,0.015
47,16,9,0.15040385617330754,ind107,0.2023436262366165,0.12734362623661652,0.16484362623661653,0.03749999999999999
48,16,9,0.15040385617330754,ind116,0.24122930558996464,0.21122930558996464,0.22622930558996462,0.015
49,16,9,0.15040385617330754,ind133,0.19496284112062276,0.13496284112062276,0.16496284112062276,0.03
50,16,9,0.15040385617330754,ind149,0.16163948119333268,0.1466394811933327,0.1541394811933327,0.007499999999999993
51,16,9,0.15040385617330754,ind156,0.1797881243696391,0.08978812436963911,0.1347881243696391,0.04499999999999999
54,16,9,0.15040385617330754,ind259,0.22341087040985497,0.11841087040985496,0.17091087040985498,0.052500000000000005
55,16,9,0.15040385617330754,ind274,0.10778976906054667,0.09278976906054667,0.10028976906054668,0.0075
57,17,9,0.1529038561733075,ind116,0.24122930558996464,0.21122930558996464,0.22622930558996462,0.015
58,17,9,0.1529038561733075,ind133,0.19496284112062276,0.13496284112062276,0.16496284112062276,0.03
59,17,9,0.1529038561733075,ind149,0.16163948119333268,0.1466394811933327,0.1541394811933327,0.007499999999999993
56,17,9,0.1529038561733075,ind107,0.2023436262366165,0.12734362623661652,0.16484362623661653,0.03749999999999999
64,17,9,0.1529038561733075,ind286,0.22341087040985497,0.16341087040985497,0.19341087040985497,0.03
63,17,9,0.1529038561733075,ind274,0.10778976906054667,0.09278976906054667,0.10028976906054668,0.0075
62,17,9,0.1529038561733075,ind249,0.17490455070797883,0.08490455070797882,0.12990455070797882,0.045000000000000005
61,17,9,0.1529038561733075,ind219,0.12256613687121136,0.09256613687121136,0.10756613687121136,0.015
60,17,9,0.1529038561733075,ind156,0.1797881243696391,0.08978812436963911,0.1347881243696391,0.04499999999999999
70,18,9,0.1529038561733075,ind219,0.12256613687121136,0.09256613687121136,0.10756613687121136,0.015
67,18,9,0.1529038561733075,ind133,0.19496284112062276,0.13496284112062276,0.16496284112062276,0.03
71,18,9,0.1529038561733075,ind249,0.17490455070797883,0.08490455070797882,0.12990455070797882,0.045000000000000005
65,18,9,0.1529038561733075,ind107,0.2023436262366165,0.12734362623661652,0.16484362623661653,0.03749999999999999
66,18,9,0.1529038561733075,ind116,0.24122930558996464,0.21122930558996464,0.22622930558996462,0.015
72,18,9,0.1529038561733075,ind274,0.10778976906054667,0.09278976906054667,0.10028976906054668,0.0075
73,18,9,0.1529038561733075,ind286,0.22341087040985497,0.16341087040985497,0.19341087040985497,0.03
68,18,9,0.1529038561733075,ind149,0.16163948119333268,0.1466394811933327,0.1541394811933327,0.007499999999999993
69,18,9,0.1529038561733075,ind156,0.1797881243696391,0.08978812436963911,0.1347881243696391,0.04499999999999999
74,19,9,0.15623718950664084,ind107,0.2023436262366165,0.12734362623661652,0.16484362623661653,0.03749999999999999
75,19,9,0.15623718950664084,ind116,0.24122930558996464,0.21122930558996464,0.22622930558996462,0.015
76,19,9,0.15623718950664084,ind133,0.19496284112062276,0.13496284112062276,0.16496284112062276,0.03
77,19,9,0.15623718950664084,ind149,0.16163948119333268,0.1466394811933327,0.1541394811933327,0.007499999999999993
78,19,9,0.15623718950664084,ind156,0.1797881243696391,0.08978812436963911,0.1347881243696391,0.04499999999999999
79,19,9,0.15623718950664084,ind249,0.17490455070797883,0.08490455070797882,0.12990455070797882,0.045000000000000005
81,19,9,0.15623718950664084,ind286,0.22341087040985497,0.16341087040985497,0.19341087040985497,0.03
80,19,9,0.15623718950664084,ind274,0.10778976906054667,0.09278976906054667,0.10028976906054668,0.0075
82,19,9,0.15623718950664084,ind327,0.15256613687121134,0.12256613687121136,0.13756613687121136,0.014999999999999993
94,20,10,0.15893837510163977,ind329,0.2732490454566303,0.09324904545663033,0.18324904545663032,0.08999999999999998
93,20,10,0.15893837510163977,ind327,0.15256613687121134,0.12256613687121136,0.13756613687121136,0.014999999999999993
92,20,10,0.15893837510163977,ind286,0.22341087040985497,0.16341087040985497,0.19341087040985497,0.03
91,20,10,0.15893837510163977,ind274,0.10778976906054667,0.09278976906054667,0.10028976906054668,0.0075
90,20,10,0.15893837510163977,ind249,0.17490455070797883,0.08490455070797882,0.12990455070797882,0.045000000000000005
89,20,10,0.15893837510163977,ind156,0.1797881243696391,0.08978812436963911,0.1347881243696391,0.04499999999999999
88,20,10,0.15893837510163977,ind149,0.16163948119333268,0.1466394811933327,0.1541394811933327,0.007499999999999993
87,20,10,0.15893837510163977,ind133,0.19496284112062276,0.13496284112062276,0.16496284112062276,0.03
86,20,10,0.15893837510163977,ind116,0.24122930558996464,0.21122930558996464,0.22622930558996462,0.015
85,20,10,0.15893837510163977,ind107,0.2023436262366165,0.12734362623661652,0.16484362623661653,0.03749999999999999
104,21,10,0.15893837510163977,ind329,0.2732490454566303,0.09324904545663033,0.18324904545663032,0.08999999999999998
95,21,10,0.15893837510163977,ind107,0.2023436262366165,0.12734362623661652,0.16484362623661653,0.03749999999999999
96,21,10,0.15893837510163977,ind116,0.24122930558996464,0.21122930558996464,0.22622930558996462,0.015
97,21,10,0.15893837510163977,ind133,0.19496284112062276,0.13496284112062276,0.16496284112062276,0.03
98,21,10,0.15893837510163977,ind149,0.16163948119333268,0.1466394811933327,0.1541394811933327,0.007499999999999993
99,21,10,0.15893837510163977,ind156,0.1797881243696391,0.08978812436963911,0.1347881243696391,0.04499999999999999
100,21,10,0.15893837510163977,ind249,0.17490455070797883,0.08490455070797882,0.12990455070797882,0.045000000000000005
101,21,10,0.15893837510163977,ind274,0.10778976906054667,0.09278976906054667,0.10028976906054668,0.0075
102,21,10,0.15893837510163977,ind286,0.22341087040985497,0.16341087040985497,0.19341087040985497,0.03
103,21,10,0.15893837510163977,ind327,0.15256613687121134,0.12256613687121136,0.13756613687121136,0.014999999999999993
109,22,10,0.15893837510163977,ind156,0.1797881243696391,0.08978812436963911,0.1347881243696391,0.04499999999999999
107,22,10,0.15893837510163977,ind133,0.19496284112062276,0.13496284112062276,0.16496284112062276,0.03
108,22,10,0.15893837510163977,ind149,0.16163948119333268,0.1466394811933327,0.1541394811933327,0.007499999999999993
110,22,10,0.15893837510163977,ind249,0.17490455070797883,0.08490455070797882,0.12990455070797882,0.045000000000000005
114,22,10,0.15893837510163977,ind329,0.2732490454566303,0.09324904545663033,0.18324904545663032,0.08999999999999998
112,22,10,0.15893837510163977,ind286,0.22341087040985497,0.16341087040985497,0.19341087040985497,0.03
113,22,10,0.15893837510163977,ind327,0.15256613687121134,0.12256613687121136,0.13756613687121136,0.014999999999999993
106,22,10,0.15893837510163977,ind116,0.24122930558996464,0.21122930558996464,0.22622930558996462,0.015
111,22,10,0.15893837510163977,ind274,0.10778976906054667,0.09278976906054667,0.10028976906054668,0.0075
105,22,10,0.15893837510163977,ind107,0.2023436262366165,0.12734362623661652,0.16484362623661653,0.03749999999999999
121,23,11,0.16046895884269935,ind274,0.10778976906054667,0.09278976906054667,0.10028976906054668,0.0075
115,23,11,0.16046895884269935,ind107,0.2023436262366165,0.12734362623661652,0.16484362623661653,0.03749999999999999
116,23,11,0.16046895884269935,ind116,0.24122930558996464,0.21122930558996464,0.22622930558996462,0.015
118,23,11,0.16046895884269935,ind149,0.16163948119333268,0.1466394811933327,0.1541394811933327,0.007499999999999993
119,23,11,0.16046895884269935,ind156,0.1797881243696391,0.08978812436963911,0.1347881243696391,0.04499999999999999
125,23,11,0.16046895884269935,ind369,0.29577479625329506,0.05577479625329505,0.17577479625329506,0.12000000000000001
124,23,11,0.16046895884269935,ind329,0.2732490454566303,0.09324904545663033,0.18324904545663032,0.08999999999999998
123,23,11,0.16046895884269935,ind327,0.15256613687121134,0.12256613687121136,0.13756613687121136,0.014999999999999993
122,23,11,0.16046895884269935,ind286,0.22341087040985497,0.16341087040985497,0.19341087040985497,0.03
120,23,11,0.16046895884269935,ind249,0.17490455070797883,0.08490455070797882,0.12990455070797882,0.045000000000000005
117,23,11,0.16046895884269935,ind133,0.19496284112062276,0.13496284112062276,0.16496284112062276,0.03
134,24,11,0.15705986793360846,ind327,0.15256613687121134,0.12256613687121136,0.13756613687121136,0.014999999999999993
136,24,11,0.15705986793360846,ind385,0.22824904545663033,0.06324904545663033,0.14574904545663034,0.0825
126,24,11,0.15705986793360846,ind107,0.2023436262366165,0.12734362623661652,0.16484362623661653,0.03749999999999999
127,24,11,0.15705986793360846,ind116,0.24122930558996464,0.21122930558996464,0.22622930558996462,0.015
128,24,11,0.15705986793360846,ind133,0.19496284112062276,0.13496284112062276,0.16496284112062276,0.03
129,24,11,0.15705986793360846,ind149,0.16163948119333268,0.1466394811933327,0.1541394811933327,0.007499999999999993
130,24,11,0.15705986793360846,ind156,0.1797881243696391,0.08978812436963911,0.1347881243696391,0.04499999999999999
131,24,11,0.15705986793360846,ind249,0.17490455070797883,0.08490455070797882,0.12990455070797882,0.045000000000000005
132,24,11,0.15705986793360846,ind274,0.10778976906054667,0.09278976906054667,0.10028976906054668,0.0075
133,24,11,0.15705986793360846,ind286,0.22341087040985497,0.16341087040985497,0.19341087040985497,0.03
135,24,11,0.15705986793360846,ind369,0.29577479625329506,0.05577479625329505,0.17577479625329506,0.12000000000000001
145,25,11,0.16592350429724478,ind327,0.15256613687121134,0.12256613687121136,0.13756613687121136,0.014999999999999993
144,25,11,0.16592350429724478,ind286,0.22341087040985497,0.16341087040985497,0.19341087040985497,0.03
143,25,11,0.16592350429724478,ind274,0.10778976906054667,0.09278976906054667,0.10028976906054668,0.0075
142,25,11,0.16592350429724478,ind249,0.17490455070797883,0.08490455070797882,0.12990455070797882,0.045000000000000005
141,25,11,0.16592350429724478,ind156,0.1797881243696391,0.08978812436963911,0.1347881243696391,0.04499999999999999
138,25,11,0.16592350429724478,ind116,0.24122930558996464,0.21122930558996464,0.22622930558996462,0.015
139,25,11,0.16592350429724478,ind133,0.19496284112062276,0.13496284112062276,0.16496284112062276,0.03
137,25,11,0.16592350429724478,ind107,0.2023436262366165,0.12734362623661652,0.16484362623661653,0.03749999999999999
146,25,11,0.16592350429724478,ind410,0.28077479625329504,0.17577479625329503,0.22827479625329505,0.052500000000000005
140,25,11,0.16592350429724478,ind149,0.16163948119333268,0.1466394811933327,0.1541394811933327,0.007499999999999993
147,25,11,0.16592350429724478,ind415,0.22824904545663033,0.15324904545663032,0.19074904545663032,0.037500000000000006
151,26,11,0.16796895884269936,ind149,0.16163948119333268,0.1466394811933327,0.1541394811933327,0.007499999999999993
152,26,11,0.16796895884269936,ind156,0.1797881243696391,0.08978812436963911,0.1347881243696391,0.04499999999999999
149,26,11,0.16796895884269936,ind116,0.24122930558996464,0.21122930558996464,0.22622930558996462,0.015
150,26,11,0.16796895884269936,ind133,0.19496284112062276,0.13496284112062276,0.16496284112062276,0.03
148,26,11,0.16796895884269936,ind107,0.2023436262366165,0.12734362623661652,0.16484362623661653,0.03749999999999999
155,26,11,0.16796895884269936,ind286,0.22341087040985497,0.16341087040985497,0.19341087040985497,0.03
157,26,11,0.16796895884269936,ind433,0.28077479625329504,0.26577479625329503,0.27327479625329504,0.007500000000000007
153,26,11,0.16796895884269936,ind249,0.17490455070797883,0.08490455070797882,0.12990455070797882,0.045000000000000005
158,26,11,0.16796895884269936,ind447,0.12256613687121136,0.10756613687121136,0.11506613687121137,0.0075
154,26,11,0.16796895884269936,ind274,0.10778976906054667,0.09278976906054667,0.10028976906054668,0.0075
156,26,11,0.16796895884269936,ind415,0.22824904545663033,0.15324904545663032,0.19074904545663032,0.037500000000000006
166,27,11,0.16796895884269936,ind286,0.22341087040985497,0.16341087040985497,0.19341087040985497,0.03
165,27,11,0.16796895884269936,ind274,0.10778976906054667,0.09278976906054667,0.10028976906054668,0.0075
168,27,11,0.16796895884269936,ind433,0.28077479625329504,0.26577479625329503,0.27327479625329504,0.007500000000000007
163,27,11,0.16796895884269936,ind156,0.1797881243696391,0.08978812436963911,0.1347881243696391,0.04499999999999999
162,27,11,0.16796895884269936,ind149,0.16163948119333268,0.1466394811933327,0.1541394811933327,0.007499999999999993
161,27,11,0.16796895884269936,ind133,0.19496284112062276,0.13496284112062276,0.16496284112062276,0.03
160,27,11,0.16796895884269936,ind116,0.24122930558996464,0.21122930558996464,0.22622930558996462,0.015
159,27,11,0.16796895884269936,ind107,0.2023436262366165,0.12734362623661652,0.16484362623661653,0.03749999999999999
169,27,11,0.16796895884269936,ind447,0.12256613687121136,0.10756613687121136,0.11506613687121137,0.0075
167,27,11,0.16796895884269936,ind415,0.22824904545663033,0.15324904545663032,0.19074904545663032,0.037500000000000006
164,27,11,0.16796895884269936,ind249,0.17490455070797883,0.08490455070797882,0.12990455070797882,0.045000000000000005
177,28,11,0.16796895884269936,ind286,0.22341087040985497,0.16341087040985497,0.19341087040985497,0.03
170,28,11,0.16796895884269936,ind107,0.2023436262366165,0.12734362623661652,0.16484362623661653,0.03749999999999999
171,28,11,0.16796895884269936,ind116,0.24122930558996464,0.21122930558996464,0.22622930558996462,0.015
178,28,11,0.16796895884269936,ind415,0.22824904545663033,0.15324904545663032,0.19074904545663032,0.037500000000000006
174,28,11,0.16796895884269936,ind156,0.1797881243696391,0.08978812436963911,0.1347881243696391,0.04499999999999999
179,28,11,0.16796895884269936,ind433,0.28077479625329504,0.26577479625329503,0.27327479625329504,0.007500000000000007
180,28,11,0.16796895884269936,ind447,0.12256613687121136,0.10756613687121136,0.11506613687121137,0.0075
172,28,11,0.16796895884269936,ind133,0.19496284112062276,0.13496284112062276,0.16496284112062276,0.03
173,28,11,0.16796895884269936,ind149,0.16163948119333268,0.1466394811933327,0.1541394811933327,0.007499999999999993
176,28,11,0.16796895884269936,ind274,0.10778976906054667,0.09278976906054667,0.10028976906054668,0.0075
175,28,11,0.16796895884269936,ind249,0.17490455070797883,0.08490455070797882,0.12990455070797882,0.045000000000000005
189,29,11,0.16796895884269936,ind415,0.22824904545663033,0.15324904545663032,0.19074904545663032,0.037500000000000006
188,29,11,0.16796895884269936,ind286,0.22341087040985497,0.16341087040985497,0.19341087040985497,0.03
187,29,11,0.16796895884269936,ind274,0.10778976906054667,0.09278976906054667,0.10028976906054668,0.0075
191,29,11,0.16796895884269936,ind447,0.12256613687121136,0.10756613687121136,0.11506613687121137,0.0075
185,29,11,0.16796895884269936,ind156,0.1797881243696391,0.08978812436963911,0.1347881243696391,0.04499999999999999
184,29,11,0.16796895884269936,ind149,0.16163948119333268,0.1466394811933327,0.1541394811933327,0.007499999999999993
183,29,11,0.16796895884269936,ind133,0.19496284112062276,0.13496284112062276,0.16496284112062276,0.03
182,29,11,0.16796895884269936,ind116,0.24122930558996464,0.21122930558996464,0.22622930558996462,0.015
181,29,11,0.16796895884269936,ind107,0.2023436262366165,0.12734362623661652,0.16484362623661653,0.03749999999999999
190,29,11,0.16796895884269936,ind433,0.28077479625329504,0.26577479625329503,0.27327479625329504,0.007500000000000007
186,29,11,0.16796895884269936,ind249,0.17490455070797883,0.08490455070797882,0.12990455070797882,0.045000000000000005
195,30,11,0.16796895884269936,ind116,0.24122930558996464,0.21122930558996464,0.22622930558996462,0.015
203,30,11,0.16796895884269936,ind433,0.28077479625329504,0.26577479625329503,0.27327479625329504,0.007500000000000007
194,30,11,0.16796895884269936,ind107,0.2023436262366165,0.12734362623661652,0.16484362623661653,0.03749999999999999
196,30,11,0.16796895884269936,ind133,0.19496284112062276,0.13496284112062276,0.16496284112062276,0.03
197,30,11,0.16796895884269936,ind149,0.16163948119333268,0.1466394811933327,0.1541394811933327,0.007499999999999993
198,30,11,0.16796895884269936,ind156,0.1797881243696391,0.08978812436963911,0.1347881243696391,0.04499999999999999
199,30,11,0.16796895884269936,ind249,0.17490455070797883,0.08490455070797882,0.12990455070797882,0.045000000000000005
200,30,11,0.16796895884269936,ind274,0.10778976906054667,0.09278976906054667,0.10028976906054668,0.0075
201,30,11,0.16796895884269936,ind286,0.22341087040985497,0.16341087040985497,0.19341087040985497,0.03
202,30,11,0.16796895884269936,ind415,0.22824904545663033,0.15324904545663032,0.19074904545663032,0.037500000000000006
204,30,11,0.16796895884269936,ind447,0.12256613687121136,0.10756613687121136,0.11506613687121137,0.0075
214,31,11,0.16796895884269936,ind433,0.28077479625329504,0.26577479625329503,0.27327479625329504,0.007500000000000007
205,31,11,0.16796895884269936,ind107,0.2023436262366165,0.12734362623661652,0.16484362623661653,0.03749999999999999
206,31,11,0.16796895884269936,ind116,0.24122930558996464,0.21122930558996464,0.22622930558996462,0.015
207,31,11,0.16796895884269936,ind133,0.19496284112062276,0.13496284112062276,0.16496284112062276,0.03
209,31,11,0.16796895884269936,ind156,0.1797881243696391,0.08978812436963911,0.1347881243696391,0.04499999999999999
210,31,11,0.16796895884269936,ind249,0.17490455070797883,0.08490455070797882,0.12990455070797882,0.045000000000000005
211,31,11,0.16796895884269936,ind274,0.10778976906054667,0.09278976906054667,0.10028976906054668,0.0075
212,31,11,0.16796895884269936,ind286,0.22341087040985497,0.16341087040985497,0.19341087040985497,0.03
213,31,11,0.16796895884269936,ind415,0.22824904545663033,0.15324904545663032,0.19074904545663032,0.037500000000000006
215,31,11,0.16796895884269936,ind447,0.12256613687121136,0.10756613687121136,0.11506613687121137,0.0075
208,31,11,0.16796895884269936,ind149,0.16163948119333268,0.1466394811933327,0.1541394811933327,0.007499999999999993
227,32,12,0.15825582581755313,ind529,0.09641136254094466,0.006411362540944661,0.051411362540944666,0.045
225,32,12,0.15825582581755313,ind433,0.28077479625329504,0.26577479625329503,0.27327479625329504,0.007500000000000007
216,32,12,0.15825582581755313,ind107,0.2023436262366165,0.12734362623661652,0.16484362623661653,0.03749999999999999
217,32,12,0.15825582581755313,ind116,0.24122930558996464,0.21122930558996464,0.22622930558996462,0.015
218,32,12,0.15825582581755313,ind133,0.19496284112062276,0.13496284112062276,0.16496284112062276,0.03
219,32,12,0.15825582581755313,ind149,0.16163948119333268,0.1466394811933327,0.1541394811933327,0.007499999999999993
220,32,12,0.15825582581755313,ind156,0.1797881243696391,0.08978812436963911,0.1347881243696391,0.04499999999999999
221,32,12,0.15825582581755313,ind249,0.17490455070797883,0.08490455070797882,0.12990455070797882,0.045000000000000005
222,32,12,0.15825582581755313,ind274,0.10778976906054667,0.09278976906054667,0.10028976906054668,0.0075
223,32,12,0.15825582581755313,ind286,0.22341087040985497,0.16341087040985497,0.19341087040985497,0.03
224,32,12,0.15825582581755313,ind415,0.22824904545663033,0.15324904545663032,0.19074904545663032,0.037500000000000006
226,32,12,0.15825582581755313,ind447,0.12256613687121136,0.10756613687121136,0.11506613687121137,0.0075
239,33,12,0.15950582581755313,ind552,0.09641136254094466,0.03641136254094466,0.06641136254094467,0.030000000000000002
235,33,12,0.15950582581755313,ind286,0.22341087040985497,0.16341087040985497,0.19341087040985497,0.03
234,33,12,0.15950582581755313,ind274,0.10778976906054667,0.09278976906054667,0.10028976906054668,0.0075
233,33,12,0.15950582581755313,ind249,0.17490455070797883,0.08490455070797882,0.12990455070797882,0.045000000000000005
232,33,12,0.15950582581755313,ind156,0.1797881243696391,0.08978812436963911,0.1347881243696391,0.04499999999999999
237,33,12,0.15950582581755313,ind433,0.28077479625329504,0.26577479625329503,0.27327479625329504,0.007500000000000007
230,33,12,0.15950582581755313,ind133,0.19496284112062276,0.13496284112062276,0.16496284112062276,0.03
229,33,12,0.15950582581755313,ind116,0.24122930558996464,0.21122930558996464,0.22622930558996462,0.015
228,33,12,0.15950582581755313,ind107,0.2023436262366165,0.12734362623661652,0.16484362623661653,0.03749999999999999
236,33,12,0.15950582581755313,ind415,0.22824904545663033,0.15324904545663032,0.19074904545663032,0.037500000000000006
238,33,12,0.15950582581755313,ind447,0.12256613687121136,0.10756613687121136,0.11506613687121137,0.0075
231,33,12,0.15950582581755313,ind149,0.16163948119333268,0.1466394811933327,0.1541394811933327,0.007499999999999993
240,34,12,0.15950582581755313,ind107,0.2023436262366165,0.12734362623661652,0.16484362623661653,0.03749999999999999
242,34,12,0.15950582581755313,ind133,0.19496284112062276,0.13496284112062276,0.16496284112062276,0.03
250,34,12,0.15950582581755313,ind447,0.12256613687121136,0.10756613687121136,0.11506613687121137,0.0075
241,34,12,0.15950582581755313,ind116,0.24122930558996464,0.21122930558996464,0.22622930558996462,0.015
243,34,12,0.15950582581755313,ind149,0.16163948119333268,0.1466394811933327,0.1541394811933327,0.007499999999999993
244,34,12,0.15950582581755313,ind156,0.1797881243696391,0.08978812436963911,0.1347881243696391,0.04499999999999999
245,34,12,0.15950582581755313,ind249,0.17490455070797883,0.08490455070797882,0.12990455070797882,0.045000000000000005
246,34,12,0.15950582581755313,ind274,0.10778976906054667,0.09278976906054667,0.10028976906054668,0.0075
247,34,12,0.15950582581755313,ind286,0.22341087040985497,0.16341087040985497,0.19341087040985497,0.03
248,34,12,0.15950582581755313,ind415,0.22824904545663033,0.15324904545663032,0.19074904545663032,0.037500000000000006
251,34,12,0.15950582581755313,ind552,0.09641136254094466,0.03641136254094466,0.06641136254094467,0.030000000000000002
249,34,12,0.15950582581755313,ind433,0.28077479625329504,0.26577479625329503,0.27327479625329504,0.007500000000000007
262,35,12,0.15950582581755313,ind447,0.12256613687121136,0.10756613687121136,0.11506613687121137,0.0075
260,35,12,0.15950582581755313,ind415,0.22824904545663033,0.15324904545663032,0.19074904545663032,0.037500000000000006
261,35,12,0.15950582581755313,ind433,0.28077479625329504,0.26577479625329503,0.27327479625329504,0.007500000000000007
252,35,12,0.15950582581755313,ind107,0.2023436262366165,0.12734362623661652,0.16484362623661653,0.03749999999999999
253,35,12,0.15950582581755313,ind116,0.24122930558996464,0.21122930558996464,0.22622930558996462,0.015
254,35,12,0.15950582581755313,ind133,0.19496284112062276,0.13496284112062276,0.16496284112062276,0.03
255,35,12,0.15950582581755313,ind149,0.16163948119333268,0.1466394811933327,0.1541394811933327,0.007499999999999993
256,35,12,0.15950582581755313,ind156,0.1797881243696391,0.08978812436963911,0.1347881243696391,0.04499999999999999
257,35,12,0.15950582581755313,ind249,0.17490455070797883,0.08490455070797882,0.12990455070797882,0.045000000000000005
258,35,12,0.15950582581755313,ind274,0.10778976906054667,0.09278976906054667,0.10028976906054668,0.0075
259,35,12,0.15950582581755313,ind286,0.22341087040985497,0.16341087040985497,0.19341087040985497,0.03
263,35,12,0.15950582581755313,ind552,0.09641136254094466,0.03641136254094466,0.06641136254094467,0.030000000000000002
265,36,12,0.15763082581755314,ind133,0.19496284112062276,0.13496284112062276,0.16496284112062276,0.03
264,36,12,0.15763082581755314,ind116,0.24122930558996464,0.21122930558996464,0.22622930558996462,0.015
271,36,12,0.15763082581755314,ind433,0.28077479625329504,0.26577479625329503,0.27327479625329504,0.007500000000000007
274,36,12,0.15763082581755314,ind618,0.15734362623661652,0.1423436262366165,0.1498436262366165,0.007500000000000007
273,36,12,0.15763082581755314,ind552,0.09641136254094466,0.03641136254094466,0.06641136254094467,0.030000000000000002
272,36,12,0.15763082581755314,ind447,0.12256613687121136,0.10756613687121136,0.11506613687121137,0.0075
270,36,12,0.15763082581755314,ind415,0.22824904545663033,0.15324904545663032,0.19074904545663032,0.037500000000000006
269,36,12,0.15763082581755314,ind286,0.22341087040985497,0.16341087040985497,0.19341087040985497,0.03
268,36,12,0.15763082581755314,ind274,0.10778976906054667,0.09278976906054667,0.10028976906054668,0.0075
267,36,12,0.15763082581755314,ind249,0.17490455070797883,0.08490455070797882,0.12990455070797882,0.045000000000000005
266,36,12,0.15763082581755314,ind149,0.16163948119333268,0.1466394811933327,0.1541394811933327,0.007499999999999993
275,36,12,0.15763082581755314,ind636,0.1647881243696391,0.08978812436963911,0.1272881243696391,0.0375
284,37,12,0.15763082581755314,ind447,0.12256613687121136,0.10756613687121136,0.11506613687121137,0.0075
287,37,12,0.15763082581755314,ind636,0.1647881243696391,0.08978812436963911,0.1272881243696391,0.0375
285,37,12,0.15763082581755314,ind552,0.09641136254094466,0.03641136254094466,0.06641136254094467,0.030000000000000002
277,37,12,0.15763082581755314,ind133,0.19496284112062276,0.13496284112062276,0.16496284112062276,0.03
278,37,12,0.15763082581755314,ind149,0.16163948119333268,0.1466394811933327,0.1541394811933327,0.007499999999999993
279,37,12,0.15763082581755314,ind249,0.17490455070797883,0.08490455070797882,0.12990455070797882,0.045000000000000005
280,37,12,0.15763082581755314,ind274,0.10778976906054667,0.09278976906054667,0.10028976906054668,0.0075
281,37,12,0.15763082581755314,ind286,0.22341087040985497,0.16341087040985497,0.19341087040985497,0.03
282,37,12,0.15763082581755314,ind415,0.22824904545663033,0.15324904545663032,0.19074904545663032,0.037500000000000006
283,37,12,0.15763082581755314,ind433,0.28077479625329504,0.26577479625329503,0.27327479625329504,0.007500000000000007
286,37,12,0.15763082581755314,ind618,0.15734362623661652,0.1423436262366165,0.1498436262366165,0.007500000000000007
276,37,12,0.15763082581755314,ind116,0.24122930558996464,0.21122930558996464,0.22622930558996462,0.015
289,38,12,0.15763082581755314,ind133,0.19496284112062276,0.13496284112062276,0.16496284112062276,0.03
298,38,12,0.15763082581755314,ind618,0.15734362623661652,0.1423436262366165,0.1498436262366165,0.007500000000000007
297,38,12,0.15763082581755314,ind552,0.09641136254094466,0.03641136254094466,0.06641136254094467,0.030000000000000002
296,38,12,0.15763082581755314,ind447,0.12256613687121136,0.10756613687121136,0.11506613687121137,0.0075
295,38,12,0.15763082581755314,ind433,0.28077479625329504,0.26577479625329503,0.27327479625329504,0.007500000000000007
294,38,12,0.15763082581755314,ind415,0.22824904545663033,0.15324904545663032,0.19074904545663032,0.037500000000000006
293,38,12,0.15763082581755314,ind286,0.22341087040985497,0.16341087040985497,0.19341087040985497,0.03
292,38,12,0.15763082581755314,ind274,0.10778976906054667,0.09278976906054667,0.10028976906054668,0.0075
291,38,12,0.15763082581755314,ind249,0.17490455070797883,0.08490455070797882,0.12990455070797882,0.045000000000000005
290,38,12,0.15763082581755314,ind149,0.16163948119333268,0.1466394811933327,0.1541394811933327,0.007499999999999993
299,38,12,0.15763082581755314,ind636,0.1647881243696391,0.08978812436963911,0.1272881243696391,0.0375
288,38,12,0.15763082581755314,ind116,0.24122930558996464,0.21122930558996464,0.22622930558996462,0.015
311,39,12,0.15763082581755314,ind636,0.1647881243696391,0.08978812436963911,0.1272881243696391,0.0375
307,39,12,0.15763082581755314,ind433,0.28077479625329504,0.26577479625329503,0.27327479625329504,0.007500000000000007
300,39,12,0.15763082581755314,ind116,0.24122930558996464,0.21122930558996464,0.22622930558996462,0.015
301,39,12,0.15763082581755314,ind133,0.19496284112062276,0.13496284112062276,0.16496284112062276,0.03
302,39,12,0.15763082581755314,ind149,0.16163948119333268,0.1466394811933327,0.1541394811933327,0.007499999999999993
303,39,12,0.15763082581755314,ind249,0.17490455070797883,0.08490455070797882,0.12990455070797882,0.045000000000000005
304,39,12,0.15763082581755314,ind274,0.10778976906054667,0.09278976906054667,0.10028976906054668,0.0075
305,39,12,0.15763082581755314,ind286,0.22341087040985497,0.16341087040985497,0.19341087040985497,0.03
306,39,12,0.15763082581755314,ind415,0.22824904545663033,0.15324904545663032,0.19074904545663032,0.037500000000000006
308,39,12,0.15763082581755314,ind447,0.12256613687121136,0.10756613687121136,0.11506613687121137,0.0075
309,39,12,0.15763082581755314,ind552,0.09641136254094466,0.03641136254094466,0.06641136254094467,0.030000000000000002
310,39,12,0.15763082581755314,ind618,0.15734362623661652,0.1423436262366165,0.1498436262366165,0.007500000000000007
316,40,12,0.15763082581755314,ind149,0.16163948119333268,0.1466394811933327,0.1541394811933327,0.007499999999999993
315,40,12,0.15763082581755314,ind133,0.19496284112062276,0.13496284112062276,0.16496284112062276,0.03
324,40,12,0.15763082581755314,ind618,0.15734362623661652,0.1423436262366165,0.1498436262366165,0.007500000000000007
317,40,12,0.15763082581755314,ind249,0.17490455070797883,0.08490455070797882,0.12990455070797882,0.045000000000000005
314,40,12,0.15763082581755314,ind116,0.24122930558996464,0.21122930558996464,0.22622930558996462,0.015
322,40,12,0.15763082581755314,ind447,0.12256613687121136,0.10756613687121136,0.11506613687121137,0.0075
318,40,12,0.15763082581755314,ind274,0.10778976906054667,0.09278976906054667,0.10028976906054668,0.0075
320,40,12,0.15763082581755314,ind415,0.22824904545663033,0.15324904545663032,0.19074904545663032,0.037500000000000006
325,40,12,0.15763082581755314,ind636,0.1647881243696391,0.08978812436963911,0.1272881243696391,0.0375
319,40,12,0.15763082581755314,ind286,0.22341087040985497,0.16341087040985497,0.19341087040985497,0.03
323,40,12,0.15763082581755314,ind552,0.09641136254094466,0.03641136254094466,0.06641136254094467,0.030000000000000002
321,40,12,0.15763082581755314,ind433,0.28077479625329504,0.26577479625329503,0.27327479625329504,0.007500000000000007
335,41,12,0.15763082581755314,ind552,0.09641136254094466,0.03641136254094466,0.06641136254094467,0.030000000000000002
334,41,12,0.15763082581755314,ind447,0.12256613687121136,0.10756613687121136,0.11506613687121137,0.0075
333,41,12,0.15763082581755314,ind433,0.28077479625329504,0.26577479625329503,0.27327479625329504,0.007500000000000007
332,41,12,0.15763082581755314,ind415,0.22824904545663033,0.15324904545663032,0.19074904545663032,0.037500000000000006
337,41,12,0.15763082581755314,ind636,0.1647881243696391,0.08978812436963911,0.1272881243696391,0.0375
330,41,12,0.15763082581755314,ind274,0.10778976906054667,0.09278976906054667,0.10028976906054668,0.0075
329,41,12,0.15763082581755314,ind249,0.17490455070797883,0.08490455070797882,0.12990455070797882,0.045000000000000005
328,41,12,0.15763082581755314,ind149,0.16163948119333268,0.1466394811933327,0.1541394811933327,0.007499999999999993
327,41,12,0.15763082581755314,ind133,0.19496284112062276,0.13496284112062276,0.16496284112062276,0.03
326,41,12,0.15763082581755314,ind116,0.24122930558996464,0.21122930558996464,0.22622930558996462,0.015
336,41,12,0.15763082581755314,ind618,0.15734362623661652,0.1423436262366165,0.1498436262366165,0.007500000000000007
331,41,12,0.15763082581755314,ind286,0.22341087040985497,0.16341087040985497,0.19341087040985497,0.03
347,42,12,0.15763082581755314,ind552,0.09641136254094466,0.03641136254094466,0.06641136254094467,0.030000000000000002
348,42,12,0.15763082581755314,ind618,0.15734362623661652,0.1423436262366165,0.1498436262366165,0.007500000000000007
338,42,12,0.15763082581755314,ind116,0.24122930558996464,0.21122930558996464,0.22622930558996462,0.015
339,42,12,0.15763082581755314,ind133,0.19496284112062276,0.13496284112062276,0.16496284112062276,0.03
340,42,12,0.15763082581755314,ind149,0.16163948119333268,0.1466394811933327,0.1541394811933327,0.007499999999999993
341,42,12,0.15763082581755314,ind249,0.17490455070797883,0.08490455070797882,0.12990455070797882,0.045000000000000005
342,42,12,0.15763082581755314,ind274,0.10778976906054667,0.09278976906054667,0.10028976906054668,0.0075
343,42,12,0.15763082581755314,ind286,0.22341087040985497,0.16341087040985497,0.19341087040985497,0.03
344,42,12,0.15763082581755314,ind415,0.22824904545663033,0.15324904545663032,0.19074904545663032,0.037500000000000006
345,42,12,0.15763082581755314,ind433,0.28077479625329504,0.26577479625329503,0.27327479625329504,0.007500000000000007
346,42,12,0.15763082581755314,ind447,0.12256613687121136,0.10756613687121136,0.11506613687121137,0.0075
349,42,12,0.15763082581755314,ind636,0.1647881243696391,0.08978812436963911,0.1272881243696391,0.0375
356,43,12,0.15325582581755312,ind433,0.28077479625329504,0.26577479625329503,0.27327479625329504,0.007500000000000007
355,43,12,0.15325582581755312,ind415,0.22824904545663033,0.15324904545663032,0.19074904545663032,0.037500000000000006
354,43,12,0.15325582581755312,ind286,0.22341087040985497,0.16341087040985497,0.19341087040985497,0.03
353,43,12,0.15325582581755312,ind274,0.10778976906054667,0.09278976906054667,0.10028976906054668,0.0075
360,43,12,0.15325582581755312,ind636,0.1647881243696391,0.08978812436963911,0.1272881243696391,0.0375
351,43,12,0.15325582581755312,ind133,0.19496284112062276,0.13496284112062276,0.16496284112062276,0.03
350,43,12,0.15325582581755312,ind116,0.24122930558996464,0.21122930558996464,0.22622930558996462,0.015
357,43,12,0.15325582581755312,ind447,0.12256613687121136,0.10756613687121136,0.11506613687121137,0.0075
352,43,12,0.15325582581755312,ind149,0.16163948119333268,0.1466394811933327,0.1541394811933327,0.007499999999999993
358,43,12,0.15325582581755312,ind552,0.09641136254094466,0.03641136254094466,0.06641136254094467,0.030000000000000002
359,43,12,0.15325582581755312,ind618,0.15734362623661652,0.1423436262366165,0.1498436262366165,0.007500000000000007
361,43,12,0.15325582581755312,ind801,0.08490455070797882,0.06990455070797882,0.07740455070797883,0.0075
363,44,12,0.15325582581755312,ind133,0.19496284112062276,0.13496284112062276,0.16496284112062276,0.03
365,44,12,0.15325582581755312,ind274,0.10778976906054667,0.09278976906054667,0.10028976906054668,0.0075
366,44,12,0.15325582581755312,ind286,0.22341087040985497,0.16341087040985497,0.19341087040985497,0.03
367,44,12,0.15325582581755312,ind415,0.22824904545663033,0.15324904545663032,0.19074904545663032,0.037500000000000006
368,44,12,0.15325582581755312,ind433,0.28077479625329504,0.26577479625329503,0.27327479625329504,0.007500000000000007
369,44,12,0.15325582581755312,ind447,0.12256613687121136,0.10756613687121136,0.11506613687121137,0.0075
362,44,12,0.15325582581755312,ind116,0.24122930558996464,0.21122930558996464,0.22622930558996462,0.015
370,44,12,0.15325582581755312,ind552,0.09641136254094466,0.03641136254094466,0.06641136254094467,0.030000000000000002
372,44,12,0.15325582581755312,ind636,0.1647881243696391,0.08978812436963911,0.1272881243696391,0.0375
373,44,12,0.15325582581755312,ind801,0.08490455070797882,0.06990455070797882,0.07740455070797883,0.0075
371,44,12,0.15325582581755312,ind618,0.15734362623661652,0.1423436262366165,0.1498436262366165,0.007500000000000007
364,44,12,0.15325582581755312,ind149,0.16163948119333268,0.1466394811933327,0.1541394811933327,0.007499999999999993
380,45,12,0.15325582581755312,ind433,0.28077479625329504,0.26577479625329503,0.27327479625329504,0.007500000000000007
374,45,12,0.15325582581755312,ind116,0.24122930558996464,0.21122930558996464,0.22622930558996462,0.015
375,45,12,0.15325582581755312,ind133,0.19496284112062276,0.13496284112062276,0.16496284112062276,0.03
376,45,12,0.15325582581755312,ind149,0.16163948119333268,0.1466394811933327,0.1541394811933327,0.007499999999999993
377,45,12,0.15325582581755312,ind274,0.10778976906054667,0.09278976906054667,0.10028976906054668,0.0075
378,45,12,0.15325582581755312,ind286,0.22341087040985497,0.16341087040985497,0.19341087040985497,0.03
382,45,12,0.15325582581755312,ind552,0.09641136254094466,0.03641136254094466,0.06641136254094467,0.030000000000000002
381,45,12,0.15325582581755312,ind447,0.12256613687121136,0.10756613687121136,0.11506613687121137,0.0075
383,45,12,0.15325582581755312,ind618,0.15734362623661652,0.1423436262366165,0.1498436262366165,0.007500000000000007
384,45,12,0.15325582581755312,ind636,0.1647881243696391,0.08978812436963911,0.1272881243696391,0.0375
385,45,12,0.15325582581755312,ind801,0.08490455070797882,0.06990455070797882,0.07740455070797883,0.0075
379,45,12,0.15325582581755312,ind415,0.22824904545663033,0.15324904545663032,0.19074904545663032,0.037500000000000006
386,46,12,0.15325582581755312,ind116,0.24122930558996464,0.21122930558996464,0.22622930558996462,0.015
387,46,12,0.15325582581755312,ind133,0.19496284112062276,0.13496284112062276,0.16496284112062276,0.03
388,46,12,0.15325582581755312,ind149,0.16163948119333268,0.1466394811933327,0.1541394811933327,0.007499999999999993
397,46,12,0.15325582581755312,ind801,0.08490455070797882,0.06990455070797882,0.07740455070797883,0.0075
391,46,12,0.15325582581755312,ind415,0.22824904545663033,0.15324904545663032,0.19074904545663032,0.037500000000000006
392,46,12,0.15325582581755312,ind433,0.28077479625329504,0.26577479625329503,0.27327479625329504,0.007500000000000007
393,46,12,0.15325582581755312,ind447,0.12256613687121136,0.10756613687121136,0.11506613687121137,0.0075
394,46,12,0.15325582581755312,ind552,0.09641136254094466,0.03641136254094466,0.06641136254094467,0.030000000000000002
395,46,12,0.15325582581755312,ind618,0.15734362623661652,0.1423436262366165,0.1498436262366165,0.007500000000000007
396,46,12,0.15325582581755312,ind636,0.1647881243696391,0.08978812436963911,0.1272881243696391,0.0375
390,46,12,0.15325582581755312,ind286,0.22341087040985497,0.16341087040985497,0.19341087040985497,0.03
389,46,12,0.15325582581755312,ind274,0.10778976906054667,0.09278976906054667,0.10028976906054668,0.0075
407,47,12,0.15325582581755312,ind618,0.15734362623661652,0.1423436262366165,0.1498436262366165,0.007500000000000007
405,47,12,0.15325582581755312,ind447,0.12256613687121136,0.10756613687121136,0.11506613687121137,0.0075
398,47,12,0.15325582581755312,ind116,0.24122930558996464,0.21122930558996464,0.22622930558996462,0.015
399,47,12,0.15325582581755312,ind133,0.19496284112062276,0.13496284112062276,0.16496284112062276,0.03
400,47,12,0.15325582581755312,ind149,0.16163948119333268,0.1466394811933327,0.1541394811933327,0.007499999999999993
401,47,12,0.15325582581755312,ind274,0.10778976906054667,0.09278976906054667,0.10028976906054668,0.0075
402,47,12,0.15325582581755312,ind286,0.22341087040985497,0.16341087040985497,0.19341087040985497,0.03
403,47,12,0.15325582581755312,ind415,0.22824904545663033,0.15324904545663032,0.19074904545663032,0.037500000000000006
404,47,12,0.15325582581755312,ind433,0.28077479625329504,0.26577479625329503,0.27327479625329504,0.007500000000000007
406,47,12,0.15325582581755312,ind552,0.09641136254094466,0.03641136254094466,0.06641136254094467,0.030000000000000002
408,47,12,0.15325582581755312,ind636,0.1647881243696391,0.08978812436963911,0.1272881243696391,0.0375
409,47,12,0.15325582581755312,ind801,0.08490455070797882,0.06990455070797882,0.07740455070797883,0.0075
412,48,12,0.15325582581755312,ind149,0.16163948119333268,0.1466394811933327,0.1541394811933327,0.007499999999999993
411,48,12,0.15325582581755312,ind133,0.19496284112062276,0.13496284112062276,0.16496284112062276,0.03
420,48,12,0.15325582581755312,ind636,0.1647881243696391,0.08978812436963911,0.1272881243696391,0.0375
413,48,12,0.15325582581755312,ind274,0.10778976906054667,0.09278976906054667,0.10028976906054668,0.0075
410,48,12,0.15325582581755312,ind116,0.24122930558996464,0.21122930558996464,0.22622930558996462,0.015
419,48,12,0.15325582581755312,ind618,0.15734362623661652,0.1423436262366165,0.1498436262366165,0.007500000000000007
414,48,12,0.15325582581755312,ind286,0.22341087040985497,0.16341087040985497,0.19341087040985497,0.03
416,48,12,0.15325582581755312,ind433,0.28077479625329504,0.26577479625329503,0.27327479625329504,0.007500000000000007
421,48,12,0.15325582581755312,ind801,0.08490455070797882,0.06990455070797882,0.07740455070797883,0.0075
415,48,12,0.15325582581755312,ind415,0.22824904545663033,0.15324904545663032,0.19074904545663032,0.037500000000000006
418,48,12,0.15325582581755312,ind552,0.09641136254094466,0.03641136254094466,0.06641136254094467,0.030000000000000002
417,48,12,0.15325582581755312,ind447,0.12256613687121136,0.10756613687121136,0.11506613687121137,0.0075
431,49,12,0.15325582581755312,ind618,0.15734362623661652,0.1423436262366165,0.1498436262366165,0.007500000000000007
430,49,12,0.15325582581755312,ind552,0.09641136254094466,0.03641136254094466,0.06641136254094467,0.030000000000000002
429,49,12,0.15325582581755312,ind447,0.12256613687121136,0.10756613687121136,0.11506613687121137,0.0075
428,49,12,0.15325582581755312,ind433,0.28077479625329504,0.26577479625329503,0.27327479625329504,0.007500000000000007
433,49,12,0.15325582581755312,ind801,0.08490455070797882,0.06990455070797882,0.07740455070797883,0.0075
426,49,12,0.15325582581755312,ind286,0.22341087040985497,0.16341087040985497,0.19341087040985497,0.03
425,49,12,0.15325582581755312,ind274,0.10778976906054667,0.09278976906054667,0.10028976906054668,0.0075
424,49,12,0.15325582581755312,ind149,0.16163948119333268,0.1466394811933327,0.1541394811933327,0.007499999999999993
423,49,12,0.15325582581755312,ind133,0.19496284112062276,0.13496284112062276,0.16496284112062276,0.03
422,49,12,0.15325582581755312,ind116,0.24122930558996464,0.21122930558996464,0.22622930558996462,0.015
432,49,12,0.15325582581755312,ind636,0.1647881243696391,0.08978812436963911,0.1272881243696391,0.0375
427,49,12,0.15325582581755312,ind415,0.22824904545663033,0.15324904545663032,0.19074904545663032,0.037500000000000006
