timer	pos	dir	vel	steering	steering_input	brake	brake_input	throttle	throttle_input	wheelspeed	vel_kmh	is_oob	oob_counter	max_oob_percentage	oob_distance
0	(2.0239598751068115, 2.480642318725586, -28)	(0.009620939381420612, 0.9999536871910095, 0)	(0, 0, 0)	0	None	0	None	0	None	0	0	False	0	nan	1.9979954041038714
0.19950000569224358	(2.023728370666504, 2.4825339317321777, -27.969898223876953)	(0.008661030791699886, 0.9999468922615051, -0.005575860384851694)	(-0.023332927376031876, 0.10324744880199432, 0.1505223959684372)	-55.81153416947708	0.1309128278879967	0	0	0.9787878182688716	0.9787878182688716	0.07773095813168793	1	False	0	nan	1.99774251804233
0.4385000206530094	(2.02504301071167, 2.608163356781006, -27.85535430908203)	(0.008697818033397198, 0.9999411702156067, -0.006489989347755909)	(0.055583082139492035, 0.8430373072624207, 0.8871515393257141)	-70.43954864144348	0.1381167620420456	0	0	0.9793237600430209	0.9793237600430209	2.7780359601856777	4	False	0	nan	1.9976321590928012
0.6727500297129154	(2.0388219356536865, 2.8315083980560303, -27.739892959594727)	(0.016909873113036156, 0.9998492002487183, -0.003945054952055216)	(0.069789357483387, 1.2966445684432983, 0.040520451962947845)	-71.39050841331449	0.13998138904571533	0	0	0.9548052107208321	0.9548052107208321	4.037251554711575	5	False	0	nan	1.99146194864331
0.906750038266182	(2.0656955242156982, 3.2958312034606934, -27.75763511657715)	(0.02489796094596386, 0.9995527863502502, 0.016558989882469177)	(0.2193339616060257, 2.7323129177093506, -0.0557221956551075)	-59.216926842927684	0.116111621260643	0	0	0.946518091408225	0.946518091408225	4.001251582609511	10	False	0	nan	1.9705611001253276
1.1407500468194485	(2.1246895790100098, 4.116841793060303, -27.761625289916992)	(0.04344296082854271, 0.9988566637039185, 0.01994890160858631)	(0.30848145484924316, 4.2673492431640625, -0.058770906180143356)	-59.62864995002728	0.11691892147064209	0	0	0.8263299658021418	0.8263299658021418	5.09292369440581	15	False	0	nan	1.9224086406902325
1.374750055372715	(2.2194833755493164, 5.298896312713623, -27.760433197021484)	(0.07037365436553955, 0.9973270297050476, 0.019656941294670105)	(0.48952385783195496, 5.838534832000732, 0.031237460672855377)	-42.22022987902174	0.08278476446866989	0	0	0.6331466827718669	0.6331466827718669	7.3740413962662625	21	False	0	nan	1.8445690765657898
1.6102500669658184	(2.3751351833343506, 6.840211391448975, -27.759592056274414)	(0.09518309682607651, 0.9953169822692871, 0.01686367765069008)	(0.8307595252990723, 7.097690105438232, -0.019637061282992363)	-34.24095444381211	0.06713912636041641	0	0	0.2898923377115602	0.2898923377115602	7.341216779443421	26	False	0	nan	1.7131875555144784
1.8450000770390034	(2.582205057144165, 8.49231243133545, -27.768360137939453)	(0.11882877349853516, 0.9929091334342957, -0.003351464867591858)	(0.9324340224266052, 6.816319942474365, -0.016740359365940094)	-35.69441445171823	0.06998904794454575	0	0	0	0	6.895016829530982	25	False	0	nan	1.5342413192643274
2.0782500840723515	(2.777371406555176, 10.052692413330078, -27.774442672729492)	(0.12225889414548874, 0.9924198389053345, -0.012475255876779556)	(0.6874445080757141, 6.553288459777832, -0.00330955907702446)	43.0723887333206	-0.08632607758045197	0	0	0	0	6.619892502222447	24	False	0	nan	1.3672960140932897
2.311750091612339	(2.896307945251465, 11.554067611694336, -27.77532386779785)	(0.08933712542057037, 0.9958918690681458, -0.014774449169635773)	(0.32399603724479675, 6.273430824279785, -0.011036898009479046)	88.07614253103303	-0.18202351033687592	0	0	0	0	6.123394869630778	23	False	0	nan	1.2767649621279076
2.5462501011788845	(2.9273321628570557, 12.981156349182129, -27.77446937561035)	(0.04192924126982689, 0.9990045428276062, -0.015225501731038094)	(-0.03117593564093113, 5.906673431396484, 0.01012442447245121)	85.08261770009976	-0.16682866215705872	0	0	0	0	5.966258666345867	21	False	0	nan	1.2736326667191886
2.78075011074543	(2.9140255451202393, 14.323077201843262, -27.772363662719727)	(0.008960092440247536, 0.9998440146446228, -0.015224840492010117)	(-0.09568125754594803, 5.514019012451172, 0.013447746634483337)	41.16327859461304	-0.08071231096982956	0	0	0	0	5.70508081103265	20	False	0	nan	1.3137473429016946
3.015000119805336	(2.9002833366394043, 15.571374893188477, -27.771459579467773)	(-0.0021733753383159637, 0.9998776316642761, -0.015489339828491211)	(-0.03621566668152809, 5.14126443862915, 0.015487024560570717)	7.30223299004152	-0.014318103902041912	0	0	0	0	5.140651904664303	19	False	0	nan	1.3527492212096046
3.248750127851963	(2.896735668182373, 16.732532501220703, -27.771665573120117)	(-0.0022396643180400133, 0.9998776316642761, -0.015484225004911423)	(-0.019329480826854706, 4.783928394317627, 0.0071417721919715405)	-2.041552076116526	0.004003043286502361	0	0	0	0	4.7626052920816155	17	False	0	nan	1.3799129249384599
3.483000136911869	(2.899993658065796, 17.814111709594727, -27.771621704101562)	(0.000980330049060285, 0.9998810291290283, -0.015392416156828403)	(0.04176372289657593, 4.4444098472595215, -0.011877428740262985)	-9.013674929738391	0.017673872411251068	0	0	0	0	4.457865145465025	16	False	0	nan	1.3986314612917714
3.7180001474916935	(2.9073259830474854, 18.815380096435547, -27.771827697753906)	(0.004374983720481396, 0.9998740553855896, -0.015259560197591782)	(0.016026917845010757, 4.087360858917236, -0.009988074190914631)	-7.596785584506756	0.014895658008754253	0	0	0	0	4.111762804068136	15	False	0	nan	1.4115436289930332
3.944500155746937	(2.9160256385803223, 19.6995906829834, -27.77173614501953)	(0.007297827862203121, 0.9998578429222107, -0.015199107117950916)	(0.050036944448947906, 3.759330987930298, 0.010718286037445068)	-7.2804962564255815	0.01427548285573721	0	0	0	0	3.8059809584356645	14	False	0	nan	1.4206221750671153
4.176250163465738	(2.9260120391845703, 20.53505516052246, -27.772031784057617)	(0.009779212065041065, 0.9998354911804199, -0.015276551246643066)	(0.05157807096838951, 3.4242992401123047, -0.014828742481768131)	-6.248348141089173	0.012251663021743298	0	0	0	0	3.4498164747992854	12	False	0	nan	1.427156795143531
4.4042501747608185	(2.9376919269561768, 21.275510787963867, -27.771684646606445)	(0.012587040662765503, 0.9998053312301636, -0.015190077014267445)	(0.04792170226573944, 3.08554744720459, -0.017098326236009598)	-9.088460616767655	0.017820511013269424	0	0	0	0	3.13666237993558	11	False	0	nan	1.4299863473665089
4.636500183492899	(2.9493818283081055, 21.956254959106445, -27.77192497253418)	(0.01426962111145258, 0.9997799396514893, -0.015375884249806404)	(0.03807079792022705, 2.7558398246765137, -0.029285229742527008)	-4.530789954588201	0.008883901871740818	0	0	0	0	2.770825440840507	10	False	0	nan	1.4314294000607877
4.871750194579363	(2.964723587036133, 22.66272735595703, -27.766735076904297)	(0.016706140711903572, 0.9998511075973511, -0.004334105644375086)	(0.08452539145946503, 3.607069730758667, 0.021477118134498596)	-10.436590276653769	0.02046390250325203	0	0	0.8395812286943374	0.8395812286943374	3.8578629385041934	13	False	0	nan	1.4295001039464408
5.106000203639269	(2.9953551292419434, 23.693208694458008, -27.76490020751953)	(0.02415267936885357, 0.9996327757835388, 0.012288409285247326)	(0.17112261056900024, 5.1794514656066895, -0.009365665726363659)	-17.679410129785133	0.034665510058403015	0	0	0.7283983024123908	0.7283983024123908	5.4027686222859455	19	False	0	nan	1.4180544688904717
5.340500213205814	(3.05684757232666, 25.058700561523438, -27.762971878051758)	(0.038447294384241104, 0.9991442561149597, 0.015248634852468967)	(0.36157432198524475, 6.503081798553467, 0.010466325096786022)	-28.32727476954451	0.055543676018714905	0	0	0.41931490005432803	0.41931490005432803	6.940067863585436	23	False	0	nan	1.3819460073345855
5.574500221759081	(3.148221015930176, 26.63918113708496, -27.765724182128906)	(0.052918653935194016, 0.9985852837562561, 0.005193352233618498)	(0.4263860881328583, 6.946328163146973, -0.01585358940064907)	-17.60542239993796	0.03452043607831001	0	0	0.15240833949296329	0.15240833949296329	7.051118949593478	25	False	0	nan	1.3378679515341303
5.808500230312347	(3.2427992820739746, 28.241239547729492, -27.77133560180664)	(0.05727461725473404, 0.9983262419700623, -0.008024864830076694)	(0.37483710050582886, 6.650026798248291, -0.015834921970963478)	1.0286670271308362	-0.002016994170844555	0	0	0	0	6.681768131890507	24	False	0	nan	1.3180367240088293
6.042500238865614	(3.3285419940948486, 29.798826217651367, -27.77018165588379)	(0.055816005915403366, 0.9983987212181091, -0.009196668863296509)	(0.3594938814640045, 6.702579021453857, -0.000755084678530693)	5.088009154424168	-0.009976488538086414	0	0	0.07830046967644944	0.07830046967644944	6.756321467065201	24	False	0	nan	1.3245860747176446
6.277000248432159	(3.4126250743865967, 31.371431350708008, -27.769515991210938)	(0.05416290834546089, 0.9984979033470154, -0.008269655518233776)	(0.3738204538822174, 6.725147724151611, -0.008021137677133083)	0.7428986113519609	-0.0014566639438271523	0	0	0.07839787813015475	0.07839787813015475	6.78732649947708	24	False	0	nan	1.347206640246831
6.511000256985426	(3.5017409324645996, 32.94508361816406, -27.76898956298828)	(0.05620165541768074, 0.9983862638473511, -0.008129063062369823)	(0.4151223599910736, 6.7532854080200195, -0.008887057192623615)	-6.720501305535041	0.01317745354026556	0	0	0.07822635471819417	0.07822635471819417	6.84338962112186	24	False	0	nan	1.3727234429288178
6.743500262498856	(3.6004343032836914, 34.519222259521484, -27.768875122070312)	(0.06121049448847771, 0.9980920553207397, -0.008088194765150547)	(0.45104995369911194, 6.789634704589844, -0.0044417125172913074)	-9.40241117030404	0.018436100333929062	0	0	0.07806011020447734	0.07806011020447734	6.8909207451875485	24	False	0	nan	1.3893341918187152
6.977000270038843	(3.7050788402557373, 36.11061096191406, -27.769227981567383)	(0.06461083143949509, 0.9978784322738647, -0.007997001521289349)	(0.44146057963371277, 6.837467670440674, 0.0025709227193146944)	-2.329616518691471	0.004567875526845455	0	0	0.07837913451317124	0.07837913451317124	6.904009005146519	25	False	0	nan	1.3958800430539764
7.211250279098749	(3.7945542335510254, 37.67973327636719, -27.77243995666504)	(0.05831216275691986, 0.998224675655365, -0.012135989964008331)	(0.316235214471817, 6.544485569000244, -0.0016411080723628402)	20.391450002789643	-0.03998323529958725	0	0	0	0	6.537135907918059	24	False	0	nan	1.4049907834368782
7.445500288158655	(3.8632631301879883, 39.203025817871094, -27.770423889160156)	(0.04859590530395508, 0.9987676739692688, -0.010076874867081642)	(0.300885945558548, 6.562650203704834, -0.0039946772158145905)	13.579810112714783	-0.026627078652381897	0	0	0.0776909986824399	0.0776909986824399	6.545269982800304	24	False	0	nan	1.41594911194843
7.680000297725201	(3.92161226272583, 40.74121856689453, -27.76995849609375)	(0.040741145610809326, 0.999133288860321, -0.008529840037226677)	(0.21916966140270233, 6.582455635070801, 0.018408315256237984)	12.131662219762623	-0.023787572979927063	0	0	0.07783415137172467	0.07783415137172467	6.689999421393912	24	False	0	nan	1.4166995026373472
7.913500305265188	(3.961953639984131, 42.280357360839844, -27.77012825012207)	(0.029902294278144836, 0.9995185732841492, -0.00826940406113863)	(0.10024058818817139, 6.624476909637451, -0.0033127760980278254)	23.467582538724123	-0.04601486772298813	0	0	0.07628263194843599	0.07628263194843599	6.742423173851585	24	False	0	nan	1.4068427070552245
8.147500313818455	(3.9698314666748047, 43.840110778808594, -27.770734786987305)	(0.01114332303404808, 0.9999013543128967, -0.008546113967895508)	(-0.07352501153945923, 6.659816265106201, 0.007395019754767418)	40.22937230765811	-0.07888112217187881	0	0	0.07217776856490521	0.07217776856490521	6.681182016280363	24	False	0	nan	1.3942298696575057
8.381500322371721	(3.9332878589630127, 45.39738845825195, -27.770885467529297)	(-0.01473680417984724, 0.9998528957366943, -0.008775743655860424)	(-0.24311624467372894, 6.657079696655273, 0.003032093634828925)	46.50980830192574	-0.09119570255279541	0	0	0.07008334383590209	0.07008334383590209	6.679236745367621	24	False	0	nan	1.386119478218093
8.613750327378511	(3.844020366668701, 46.941490173339844, -27.772241592407227)	(-0.04735175147652626, 0.9988358616828918, -0.009206515736877918)	(-0.5306934118270874, 6.6111016273498535, -0.011304686777293682)	64.16682243347186	-0.12581729888916016	0	0	0.06257000730023576	0.06257000730023576	6.783760265413945	24	False	0	nan	1.3859126222967397
8.849000338464975	(3.6802191734313965, 48.493770599365234, -27.772937774658203)	(-0.09110108762979507, 0.9957931637763977, -0.009818087331950665)	(-0.8597158193588257, 6.55072546005249, 0.006396422162652016)	83.38808342814461	-0.16350604593753815	0	0	0.05166577294187169	0.05166577294187169	6.492734990610206	24	False	0	nan	1.408240839496079
9.082500346004963	(3.4553263187408447, 49.998722076416016, -27.771991729736328)	(-0.13285093009471893, 0.9910870790481567, -0.009849551133811474)	(-1.0863362550735474, 6.428893566131592, -0.004339947830885649)	64.04609531164152	-0.1255805790424347	0	0	0.06262951816736684	0.06262951816736684	6.611929320012607	23	False	0	nan	1.4397728307501656
9.317250356078148	(3.16450572013855, 51.54125213623047, -27.770841598510742)	(-0.1720670461654663, 0.9850651025772095, -0.0062890504486858845)	(-1.419905424118042, 6.673906326293945, -0.0077410293743014336)	68.18126142024994	-0.13368874788284302	0	0	0.1357273186895176	0.1357273186895176	6.8288308644709526	25	False	0	nan	1.457866729967252
9.552000366151333	(2.807488441467285, 53.06999969482422, -27.77351188659668)	(-0.21379582583904266, 0.9768123626708984, -0.01135335210710764)	(-1.6068391799926758, 6.290475845336914, 0.0018457591067999601)	71.47010654211056	-0.1401374638080597	0	0	0	0	6.472941306548018	23	False	0	nan	1.4537355229009294
9.787500377744436	(2.3839383125305176, 54.56465530395508, -27.77195167541504)	(-0.25775817036628723, 0.9661762714385986, -0.00800566840916872)	(-2.0009052753448486, 6.436187744140625, -0.016634291037917137)	81.83845818042741	-0.16046756505966187	0	0	0.12785016056382315	0.12785016056382315	6.65657267054346	24	False	0	nan	1.4401503422437985
10.022000387310982	(1.8843914270401, 56.05991744995117, -27.772037506103516)	(-0.30230972170829773, 0.9531723260879517, -0.008447643369436264)	(-2.2604801654815674, 6.319330215454102, 0.012057562358677387)	73.2648110389709	-0.14365649223327637	0	0	0.05776281223923063	0.05776281223923063	6.68916641722071	24	False	0	nan	1.4254822048850706
10.25550039485097	(1.3381006717681885, 57.516597747802734, -27.771549224853516)	(-0.3389648497104645, 0.9407529830932617, -0.009309906512498856)	(-2.4323134422302246, 6.20304012298584, 0.014322002418339252)	58.28115485608568	-0.11427677422761917	0	0	0.06534081887212984	0.06534081887212984	6.710474245008291	24	False	0	nan	1.4115061711041692
10.489250402897596	(0.7422264814376831, 58.95440673828125, -27.77167510986328)	(-0.37188318371772766, 0.9282330870628357, -0.009290089830756187)	(-2.656425714492798, 6.084927558898926, 0.004317603074014187)	60.07228754460803	-0.11778879910707474	0	0	0.06452579880491327	0.06452579880491327	6.632618007871038	24	False	0	nan	1.4087639351891736
10.722750410437584	(0.11487583816051483, 60.36997604370117, -27.77029800415039)	(-0.3966858685016632, 0.9179149270057678, -0.008516022935509682)	(-2.7472732067108154, 6.057010173797607, 0.009504590183496475)	31.213237009942336	-0.06120242550969124	0	0	0.07465426311173073	0.07465426311173073	6.698833199019926	24	False	0	nan	1.4142615297804224
10.95725042000413	(-0.5227149128913879, 61.793006896972656, -27.76907730102539)	(-0.4054258465766907, 0.9140905737876892, -0.008268598467111588)	(-2.7106194496154785, 6.084250450134277, -0.003021571785211563)	2.0384162943810384	-0.00399689469486475	0	0	0.07838402483279816	0.07838402483279816	6.761684529180459	24	False	0	nan	1.4085893639117688
11.18950042501092	(-1.1509153842926025, 63.21135711669922, -27.76898765563965)	(-0.4048967957496643, 0.9143255352973938, -0.00821652077138424)	(-2.680590867996216, 6.133337020874023, -0.006337299942970276)	-3.052149647846912	0.0059846071526408195	0	0	0.0783641844772286	0.0783641844772286	6.780910870614073	24	False	0	nan	1.3908801071467871
11.423500433564186	(-1.7837846279144287, 64.65228271484375, -27.768943786621094)	(-0.40267258882522583, 0.915306568145752, -0.008282008580863476)	(-2.6916229724884033, 6.1735429763793945, -0.005928296595811844)	-3.7980477232488883	0.0074471523985266685	0	0	0.07834453992115309	0.07834453992115309	6.829728508188774	24	False	0	nan	1.3750219753923791
11.657000441104174	(-2.4119632244110107, 66.09938049316406, -27.76876449584961)	(-0.39905688166618347, 0.916887640953064, -0.008404594846069813)	(-2.6970598697662354, 6.213427543640137, -0.01506689004600048)	-7.1039548795667615	0.01392932329326868	0	0	0.07820597395259166	0.07820597395259166	6.883441410783444	24	False	0	nan	1.3764223943199165
11.890500448644161	(-3.025012254714966, 67.55888366699219, -27.768085479736328)	(-0.3894912898540497, 0.9209887385368347, -0.008737992495298386)	(-2.5837512016296387, 6.2694411277771, -0.011547420173883438)	-25.55548310279824	0.05010879039764404	0	0	0.075889109124885	0.075889109124885	6.894443438319383	24	False	0	nan	1.3986282176345513
12.124750457704067	(-3.5979456901550293, 69.0367202758789, -27.76732635498047)	(-0.3673769533634186, 0.9300245642662048, -0.00940380897372961)	(-2.289968967437744, 6.314704418182373, 0.0009679744252935052)	-60.911267325282296	0.11943385750055313	0	0	0.06413555368253765	0.06413555368253765	6.880105463459849	24	False	0	nan	1.4313887789455277
12.360000468790531	(-4.089552879333496, 70.52555847167969, -27.7673397064209)	(-0.32527896761894226, 0.9455597996711731, -0.010498407296836376)	(-1.8642395734786987, 6.274476051330566, -0.004034505225718021)	-90.01454785466201	0.1764991134405136	0	0	0.04724806295471273	0.04724806295471273	6.718149259105827	24	False	0	nan	1.4567260374575293
12.592250473797321	(-4.465773105621338, 71.97899627685547, -27.767698287963867)	(-0.2693748474121094, 0.9629659056663513, -0.011573617346584797)	(-1.416947364807129, 6.243547439575195, -0.016682205721735954)	-105.18724009394616	0.20624949038028717	0	0	0.035861147717871855	0.035861147717871855	6.3539625599759875	23	False	0	nan	1.4842271362014747
12.82550048083067	(-4.748459815979004, 73.46131134033203, -27.766340255737305)	(-0.2091003656387329, 0.9778605103492737, -0.00812530517578125)	(-1.0234835147857666, 6.47667121887207, -0.014532193541526794)	-104.1089491546155	0.20413519442081451	0	0	0.11192882239877622	0.11192882239877622	6.75225431758588	24	False	0	nan	1.523722209624581
13.059250488877296	(-4.959711074829102, 74.98329162597656, -27.76816749572754)	(-0.1559029072523117, 0.9877350330352783, -0.008595279417932034)	(-0.7880721092224121, 6.509256839752197, 0.016124587506055832)	-76.19373947381982	0.14939948916435242	0	0	0.05607979263743057	0.05607979263743057	6.605527330924891	24	False	0	nan	1.581602067735284
13.292750496417284	(-5.110280990600586, 76.49882507324219, -27.768198013305664)	(-0.11343684792518616, 0.9934974908828735, -0.009741143323481083)	(-0.510854184627533, 6.470066547393799, 0.014276258647441864)	-67.88696721196168	0.13311170041561127	0	0	0.06068127521246458	0.06068127521246458	6.684102029415747	23	False	0	nan	1.6178434567665656
13.525000501424074	(-5.215810775756836, 78.042236328125, -27.76698112487793)	(-0.07973311096429825, 0.9967995882034302, -0.005767269525676966)	(-0.3513112962245941, 6.826785564422607, 0.0040155090391635895)	-49.449539557099456	0.09695988148450851	0	0	0.14419878138251008	0.14419878138251008	6.920243394023561	25	False	0	nan	1.6367656486022009
13.760000512003899	(-5.269899368286133, 79.61930847167969, -27.76915168762207)	(-0.044304098933935165, 0.9989558458328247, -0.011149485595524311)	(-0.075933076441288, 6.529882907867432, -0.0045075975358486176)	-63.30932624638104	0.12413593381643295	0	0	0	0	6.521442347929764	24	False	0	nan	1.6337566742211458
13.994250521063805	(-5.2633256912231445, 81.1337661743164, -27.768707275390625)	(-0.007978173904120922, 0.9999074339866638, -0.011024245992302895)	(0.12064815312623978, 6.470609188079834, 0.024592658504843712)	-60.31683102250097	0.11826829612255096	0	0	0.06441261013226862	0.06441261013226862	6.674209296465902	23	False	0	nan	1.604755612812287
14.230000533163548	(-5.207488536834717, 82.69391632080078, -27.766887664794922)	(0.02516859583556652, 0.9996628165245056, -0.006381844636052847)	(0.31507250666618347, 6.764917850494385, -0.012469283305108547)	-51.16886749863642	0.10033111274242401	0	0	0.14353366781586696	0.14353366781586696	6.975495378838588	24	False	0	nan	1.5624041384704956
14.465250544250011	(-5.0963544845581055, 84.29133605957031, -27.767356872558594)	(0.0592980831861496, 0.9982086420059204, -0.007950212806463242)	(0.6107689142227173, 6.749198913574219, -0.005062814801931381)	-56.69176854193225	0.11116033047437668	0	0	0.06604338092882744	0.06604338092882744	6.94516759935359	24	False	0	nan	1.507399405283269
14.699500553309917	(-4.935133457183838, 85.86751556396484, -27.76788902282715)	(0.09224376082420349, 0.9956986308097839, -0.008677910082042217)	(0.7726165652275085, 6.7512593269348145, 0.0031267947051674128)	-49.530669003724775	0.09711895883083344	0	0	0.0689679078356149	0.0689679078356149	6.94080389212521	24	False	0	nan	1.4505116108494067
14.933500561863184	(-4.73788595199585, 87.44493103027344, -27.768301010131836)	(0.11663597077131271, 0.9931367635726929, -0.008691677823662758)	(0.9240245223045349, 6.759862422943115, 0.005112961400300264)	-32.391730472445815	0.06351319700479507	0	0	0.07436607380623017	0.07436607380623017	6.941206141458288	25	False	0	nan	1.4179583717372548
15.16750057041645	(-4.5057148933410645, 88.98628997802734, -27.769798278808594)	(0.141866534948349, 0.9898020029067993, -0.012885155156254768)	(1.0747039318084717, 6.366645812988281, -0.00289847981184721)	-51.22937925159949	0.10044976323843002	0	0	0	0	6.5400797899043175	23	False	0	nan	1.4079925675920264
15.402750581502914	(-4.218465328216553, 90.50116729736328, -27.767065048217773)	(0.17572186887264252, 0.9844079613685608, -0.007924096658825874)	(1.3854326009750366, 6.548654079437256, 0.019373919814825058)	-62.82603777945003	0.1231883093714714	0	0	0.13842464043419866	0.13842464043419866	6.7924137308345225	24	False	0	nan	1.408471528842588
15.638500593602657	(-3.8497531414031982, 92.02771759033203, -27.76737403869629)	(0.22154445946216583, 0.975101888179779, -0.00971019547432661)	(1.7330775260925293, 6.315496444702148, -0.006612124852836132)	-92.9504147171973	0.18225571513175964	0	0	0.045182854301810904	0.045182854301810904	6.654635651847619	24	False	0	nan	1.4122789663161301
15.872250601649284	(-3.3959109783172607, 93.46501159667969, -27.767826080322266)	(0.28179946541786194, 0.9593986868858337, -0.011964102275669575)	(2.102731943130493, 5.989739894866943, 0.004683852661401033)	-114.15611162781695	0.2238355129957199	0	0	0.02829766312194293	0.02829766312194293	6.305639313994398	23	False	0	nan	1.422211224782928
16.105250608175993	(-2.8403892517089844, 94.84042358398438, -27.766197204589844)	(0.3500739336013794, 0.936674952507019, -0.009387054480612278)	(2.642563581466675, 5.857107162475586, -0.024007489904761314)	-129.0038225054739	0.25294867157936096	0	0	0.08961696954623655	0.08961696954623655	6.506040759989821	23	False	0	nan	1.424321597191482
16.3395006172359	(-2.159938335418701, 96.17843627929688, -27.76602554321289)	(0.4269769489765167, 0.904215395450592, -0.00922966469079256)	(3.179098129272461, 5.522702693939209, 0.013751611113548279)	-148.02310913801162	0.29024139046669006	0	0	0.06935993525996231	0.06935993525996231	6.778432397719394	23	False	0	nan	1.4379775105945294
16.573250625282526	(-1.3635902404785156, 97.42301177978516, -27.76619529724121)	(0.5097739696502686, 0.8602495789527893, -0.010061821900308132)	(3.6593997478485107, 5.083438396453857, 0.017709389328956604)	-162.3754253983499	0.31838318705558777	0	0	0.05223214620032657	0.05223214620032657	6.662524852784042	23	False	0	nan	1.482276075677826
16.806500632315874	(-0.46289652585983276, 98.55862426757812, -27.766843795776367)	(0.5911805629730225, 0.8064674139022827, -0.010759538039565086)	(4.090755462646484, 4.626343727111816, -0.005575181450694799)	-164.54231232404746	0.32263198494911194	0	0	0.049508602287795966	0.049508602287795966	6.412918171713299	22	False	0	nan	1.5136216190917946
17.0402506403625	(0.554492712020874, 99.63685607910156, -27.765544891357422)	(0.6605684757232666, 0.7507427930831909, -0.005878118798136711)	(4.649261951446533, 4.575305938720703, -0.017959803342819214)	-136.07566863298416	0.26681503653526306	0	0	0.15440973627868626	0.15440973627868626	6.7506279167350325	23	False	0	nan	1.5389835225968866
17.274000648409128	(1.6951971054077148, 100.69255828857422, -27.765886306762695)	(0.7159311175346375, 0.698148250579834, -0.005622413940727711)	(5.107239723205566, 4.406867027282715, -0.0007010134868323803)	-112.33307585120227	0.22026093304157257	0	0	0.10508512137565584	0.10508512137565584	6.925080601156532	24	False	0	nan	1.5548566956860155
17.507500655949116	(2.905133008956909, 101.67853546142578, -27.76753044128418)	(0.7616629600524902, 0.6479001045227051, -0.009747199714183807)	(5.224436283111572, 4.004197120666504, 0.01599525846540928)	-103.54879081249217	0.2030368447303772	0	0	0.03717603968193273	0.03717603968193273	6.714340270257209	24	False	0	nan	1.5547772260211725
17.740500662475824	(4.139208793640137, 102.57481384277344, -27.7681884765625)	(0.7977012991905212, 0.602962076663971, -0.010458054021000862)	(5.364750862121582, 3.697542190551758, -0.009029066190123558)	-86.89474806189556	0.17038185894489288	0	0	0.04937002214248265	0.04937002214248265	6.590812194401164	23	False	0	nan	1.542781854227682
17.97425067052245	(5.433863639831543, 103.4184799194336, -27.766315460205078)	(0.8283584713935852, 0.5601528286933899, -0.00714921485632658)	(5.731564521789551, 3.4999771118164062, -0.0010059003252536058)	-85.74230030179055	0.16812215745449066	0	0	0.1253349401728474	0.1253349401728474	6.945029991931195	24	False	0	nan	1.5214693269677855
18.205750677734613	(6.7775983810424805, 104.20423126220703, -27.76752281188965)	(0.8550308346748352, 0.5185089707374573, -0.008414876647293568)	(5.8722639083862305, 3.2420310974121094, -0.0011289375834167004)	-75.40981873869896	0.14786238968372345	0	0	0.05653671371701874	0.05653671371701874	6.84875933260126	24	False	0	nan	1.4928327969285269
18.4392506852746	(8.156869888305664, 104.92887115478516, -27.767908096313477)	(0.8785278797149658, 0.47758594155311584, -0.01001786533743143)	(5.921424865722656, 2.9504120349884033, -0.023127494379878044)	-75.31303033232652	0.1476726084947586	0	0	0.056592800700353774	0.056592800700353774	6.674495641729599	24	False	0	nan	1.4674429418831387
18.674250695854425	(9.560276985168457, 105.58969116210938, -27.768003463745117)	(0.8985413312911987, 0.4387798607349396, -0.00977968517690897)	(6.000270843505859, 2.6851701736450195, 0.02820604480803013)	-68.46713528037039	0.13424928486347198	0	0	0.06037712951364638	0.06037712951364638	6.69229951359946	24	False	0	nan	1.4480523336504667
18.907250702381134	(10.96690845489502, 106.176513671875, -27.767881393432617)	(0.9172356724739075, 0.39821988344192505, -0.00998624786734581)	(6.077311992645264, 2.347733497619629, 0.012402459047734737)	-77.69044116139405	0.15233419835567474	0	0	0.05519429201133397	0.05519429201133397	6.700876258630147	23	False	0	nan	1.43561407252464
19.140250708907843	(12.415596961975098, 106.68992614746094, -27.765830993652344)	(0.9366336464881897, 0.35022902488708496, -0.007559775374829769)	(6.372560501098633, 2.051372528076172, 0.008210290223360062)	-94.77671071887053	0.18583668768405914	0	0	0.11906472551061742	0.11906472551061742	6.822878793304403	24	False	0	nan	1.42277549901985
19.37350071594119	(13.896397590637207, 107.10216522216797, -27.76738929748535)	(0.9576249718666077, 0.2877994775772095, -0.011222556233406067)	(6.244694232940674, 1.449868083000183, -0.011274205520749092)	-124.12229284644138	0.24337704479694366	0	0	0.019167614065906502	0.019167614065906502	6.73925581053695	23	False	0	nan	1.3992287485534636
19.607750725001097	(15.372502326965332, 107.37718200683594, -27.766050338745117)	(0.9776033163070679, 0.21020658314228058, -0.010243331082165241)	(6.337949752807617, 0.9051187038421631, 0.016188601031899452)	-142.92475551366786	0.2802446186542511	0	0	0.07506295371533334	0.07506295371533334	6.607267990124619	23	False	0	nan	1.3707839044753278
19.84250073507428	(16.845216751098633, 107.50012969970703, -27.76654624938965)	(0.9930999875068665, 0.11659876257181168, -0.012534716166555882)	(6.123137950897217, 0.14386633038520813, -0.01097588799893856)	-183.16368430852881	0.3591444790363312	0	0	0.024615243177722235	0.024615243177722235	6.290645855499935	22	False	0	nan	1.3417577273760766
20.076750744134188	(18.236467361450195, 107.43199920654297, -27.76662826538086)	(0.9998897910118103, 0.00020480390230659395, -0.014842424541711807)	(5.733136177062988, -0.7326717376708984, 0.002313463483005762)	-229.46211041437678	0.4681930956160189	0	0	0.004772663934793364	0.004772663934793364	5.921975359501763	21	False	0	nan	1.328221624562925
20.310500752180815	(19.548904418945312, 107.16822052001953, -27.765472412109375)	(0.9911878108978271, -0.13197684288024902, -0.01135752908885479)	(5.586688041687012, -1.5119577646255493, -0.03397112339735031)	-237.78126955032369	0.46623778343200684	0	0	0.0770223293004092	0.0770223293004092	6.046656642380027	21	False	0	nan	1.3565058297275763
20.54550076276064	(20.850488662719727, 106.72941589355469, -27.765193939208984)	(0.9657512903213501, -0.25935158133506775, -0.007821984589099884)	(5.511837959289551, -2.2229695320129395, 0.017964988946914673)	-223.53875219824567	0.43831127882003784	0	0	0.10228322285914315	0.10228322285914315	6.207516410055701	21	False	0	nan	1.4490866206451318
20.779000770300627	(22.130918502807617, 106.12397003173828, -27.764141082763672)	(0.9263025522232056, -0.3767426609992981, -0.00534169701859355)	(5.477187156677246, -2.9655184745788574, 0.018615039065480232)	-206.54080510139462	0.40498197078704834	0	0	0.13038960333743843	0.13038960333743843	6.538616663418819	22	False	0	nan	1.5279304481529956
21.013000778853893	(23.4094295501709, 105.35333251953125, -27.76505470275879)	(0.8784652948379517, -0.47778627276420593, -0.004371513146907091)	(5.4354448318481445, -3.5983288288116455, -0.008361516520380974)	-161.7994827032087	0.31725388765335083	0	0	0.12494997076883507	0.12494997076883507	6.772407537349723	23	False	0	nan	1.589668362926632
21.24775078892708	(24.666549682617188, 104.45768737792969, -27.76618194580078)	(0.8321831822395325, -0.5544693470001221, -0.005908839404582977)	(5.283463478088379, -4.02898645401001, -0.0022633180487900972)	-124.89023163914692	0.24488280713558197	0	0	0.09363241076939732	0.09363241076939732	6.8472167668288755	24	False	0	nan	1.646644208924866
21.481500796973705	(25.87158966064453, 103.48432159423828, -27.768091201782227)	(0.7919419407844543, -0.6105231046676636, -0.009464498609304428)	(4.9820556640625, -4.259188652038574, -0.013493642210960388)	-98.19807752966848	0.19254525005817413	0	0	0.04132632668003522	0.04132632668003522	6.699644531502547	24	False	0	nan	1.6861373333261271
21.713000807911158	(26.988386154174805, 102.47633361816406, -27.768075942993164)	(0.7553728818893433, -0.655205488204956, -0.01083349995315075)	(4.6428046226501465, -4.4347100257873535, -0.008796746842563152)	-93.495282679796	0.18332408368587494	0	0	0.04479228034073435	0.04479228034073435	6.588074877153626	23	False	0	nan	1.699645429052063
21.946500815451145	(28.076702117919922, 101.39871215820312, -27.766864776611328)	(0.7224055528640747, -0.6914358735084534, -0.00683627650141716)	(4.661406993865967, -4.838964462280273, -0.005813670810312033)	-72.26626262068754	0.14169855415821075	0	0	0.13352151974947257	0.13352151974947257	6.897514859507439	24	False	0	nan	1.6883281508245471
22.180250823497772	(29.165454864501953, 100.25284576416016, -27.768205642700195)	(0.697304368019104, -0.7167327404022217, -0.007799922488629818)	(4.589929580688477, -4.954905986785889, -0.010225595906376839)	-44.63702939450724	0.08752358704805374	0	0	0.07073962171024184	0.07073962171024184	6.829875820460214	24	False	0	nan	1.6656133431195608
22.41350083053112	(30.231433868408203, 99.0841064453125, -27.768287658691406)	(0.6792486906051636, -0.733860194683075, -0.00839351024478674)	(4.51410436630249, -5.059922695159912, -0.00730022182688117)	-36.015915200114314	0.07061944156885147	0	0	0.07341289447250365	0.07341289447250365	6.916149725734977	24	False	0	nan	1.6390453633608262
22.649250842630863	(31.291706085205078, 97.88089752197266, -27.76856803894043)	(0.6651950478553772, -0.7466225624084473, -0.008388860151171684)	(4.476781845092773, -5.137218475341797, 0.004890684969723225)	-25.31575776638012	0.049638740718364716	0	0	0.07593599541989504	0.07593599541989504	6.8700484492791745	25	False	0	nan	1.605503616284769
22.88275085017085	(32.30780029296875, 96.70177459716797, -27.770851135253906)	(0.6556409597396851, -0.7549688816070557, -0.012528061866760254)	(4.204244613647461, -4.965468883514404, -0.012219316326081753)	-17.346314303576964	0.03401238098740578	0	0	0	0	6.5625806289278685	23	False	0	nan	1.5671808243251082
23.1160008572042	(33.31327819824219, 95.5284194946289, -27.768552780151367)	(0.6520262360572815, -0.7581607699394226, -0.0073588755913078785)	(4.421379089355469, -5.189517498016357, 0.007357983384281397)	-0.7303735334424863	0.001432104967534542	0	0	0.15359794907536195	0.15359794907536195	6.928557470225626	25	False	0	nan	1.5280758398120726
23.350000865757465	(34.342506408691406, 94.33396911621094, -27.771160125732422)	(0.6525400876998901, -0.7576678395271301, -0.011439542286098003)	(4.246895790100098, -4.953157424926758, -0.026810981333255768)	3.279409753158721	-0.006430215202271938	0	0	0	0	6.573864666103586	23	False	0	nan	1.4877598381213608
23.58475087583065	(35.37100601196289, 93.16082763671875, -27.769346237182617)	(0.6576778888702393, -0.7532651424407959, -0.007169854361563921)	(4.538064956665039, -5.124279975891113, 0.001659459201619029)	21.443784534931247	-0.04204663634300232	0	0	0.15183208037223928	0.15183208037223928	6.9436613213081655	25	False	0	nan	1.4476692331491328
23.819000884890556	(36.42873001098633, 91.9903335571289, -27.771629333496094)	(0.6671209335327148, -0.744860827922821, -0.011480788700282574)	(4.398777484893799, -4.847978591918945, -0.028886565938591957)	21.28959640860559	-0.041744306683540344	0	0	0	0	6.613823039950551	24	False	0	nan	1.4077865059910426
24.052500892430544	(37.472328186035156, 90.87630462646484, -27.77132225036621)	(0.6793843507766724, -0.7337096333503723, -0.010347378440201283)	(4.564398765563965, -4.758504867553711, 0.021339721977710724)	37.90203139185912	-0.07431770861148834	0	0	0.07287687818673794	0.07287687818673794	6.543618072255381	24	False	0	nan	1.3740641686877813
24.28675090149045	(38.54192352294922, 89.77127075195312, -27.770265579223633)	(0.6910924911499023, -0.7227152585983276, -0.008594977669417858)	(4.603833198547363, -4.724870681762695, 0.0054552629590034485)	21.762813515961184	-0.042672183364629745	0	0	0.07657908476689546	0.07657908476689546	6.635737900411375	24	False	0	nan	1.3515761974564093
24.520000908523798	(39.61814498901367, 88.66776275634766, -27.769678115844727)	(0.6962622404098511, -0.7177430987358093, -0.007983182556927204)	(4.6248321533203125, -4.728511333465576, -0.00424956064671278)	5.856221532449174	-0.011482787318527699	0	0	0.07826814559539752	0.07826814559539752	6.688729922573282	24	False	0	nan	1.3298246030630756
24.754750918596983	(40.708160400390625, 87.5552978515625, -27.769655227661133)	(0.6990543007850647, -0.7150247097015381, -0.007911350578069687)	(4.673864364624023, -4.740878105163574, 0.01606062613427639)	7.311782827600691	-0.014336829073727131	0	0	0.07819445533211078	0.07819445533211078	6.721127065132312	24	False	0	nan	1.3141322035011296
24.989500928670168	(41.81071090698242, 86.43246459960938, -27.76911163330078)	(0.7001869678497314, -0.7139149308204651, -0.007971211336553097)	(4.688045501708984, -4.784664154052734, 0.013099183328449726)	-0.0909989420326828	0.00017842929810285568	0	0	0.07839996816298556	0.07839996816298556	6.753884067210624	24	False	0	nan	1.3104589230756116
25.223750937730074	(42.90468215942383, 85.31028747558594, -27.768787384033203)	(0.6984502673149109, -0.7156127095222473, -0.008096184581518173)	(4.688814640045166, -4.838344097137451, 0.013057324104011059)	-6.506878668442265	0.012758585624396801	0	0	0.07823721849286491	0.07823721849286491	6.795317335624352	24	False	0	nan	1.3203733850886308
25.45775094628334	(44.000450134277344, 84.167724609375, -27.768491744995117)	(0.6934796571731567, -0.7204303741455078, -0.008126670494675636)	(4.669387340545654, -4.912072658538818, 0.021298324689269066)	-15.154200531542674	0.02971411868929863	0	0	0.07751707115051831	0.07751707115051831	6.8130995972909485	24	False	0	nan	1.3449292900587024
25.691500954329967	(45.07209777832031, 83.00884246826172, -27.767826080322266)	(0.6818822026252747, -0.7314127683639526, -0.008487620390951633)	(4.520689487457275, -5.029361248016357, 0.0027299458160996437)	-41.08646191656556	0.08056169003248215	0	0	0.07190981409911035	0.07190981409911035	6.730622704888464	24	False	0	nan	1.3777114733675921
25.923500958830118	(46.08994674682617, 81.82770538330078, -27.767650604248047)	(0.6591198444366455, -0.7519814968109131, -0.009209263138473034)	(4.282308101654053, -5.170682907104492, 0.016320256516337395)	-58.38061451911911	0.11447179317474365	0	0	0.06529620856735874	0.06529620856735874	6.795694588479939	24	False	0	nan	1.4029915973764422
26.157250966876745	(47.05055618286133, 80.59972381591797, -27.767169952392578)	(0.6261320114135742, -0.7796469926834106, -0.01045813038945198)	(3.8719074726104736, -5.280745983123779, -0.005221149884164333)	-88.48177850246466	0.17349368333816528	0	0	0.048299941841756455	0.048299941841756455	6.7691468882406856	24	False	0	nan	1.4153598632874993
26.39150097593665	(47.90245056152344, 79.3487777709961, -27.767555236816406)	(0.5783696174621582, -0.8156857490539551, -0.012049821205437183)	(3.378173828125, -5.406832218170166, -0.033515382558107376)	-111.98200508952179	0.21957255899906158	0	0	0.030187891334603645	0.030187891334603645	6.483634890647247	23	False	0	nan	1.4030752870467604
26.626500986516476	(48.63548278808594, 78.05781555175781, -27.76587677001953)	(0.5162882208824158, -0.8563476800918579, -0.010723249055445194)	(2.837355375289917, -5.638476371765137, -0.004025578033179045)	-147.71815265858424	0.28964343667030334	0	0	0.06970667959381593	0.06970667959381593	6.500104481219544	23	False	0	nan	1.3864128797511062
26.8615009970963	(49.208614349365234, 76.7375259399414, -27.767005920410156)	(0.43133920431137085, -0.9020846486091614, -0.013777022249996662)	(2.004504680633545, -5.616417407989502, -0.02524101361632347)	-190.65638382322487	0.38180026412010193	0	0	0.007828558317820367	0.007828558317820367	6.167870998263745	21	False	0	nan	1.3450667071796159
27.095001004636288	(49.622230529785156, 75.37300109863281, -27.764360427856445)	(0.3331057131290436, -0.9428631067276001, -0.007053914479911327)	(1.53075110912323, -6.178333282470703, -0.0048866537399590015)	-178.36597055196796	0.3497371971607208	0	0	0.1720838929221632	0.1720838929221632	6.710157003507607	23	False	0	nan	1.3439925937701906
27.329251013696194	(49.86833572387695, 73.94379425048828, -27.76517677307129)	(0.21494503319263458, -0.9765483736991882, -0.012319779023528099)	(0.46598246693611145, -5.942965984344482, -0.030231092125177383)	-251.67883874933588	0.5231142434165439	0	0	0	0	6.0850877570387185	21	False	0	nan	1.4753199273670998
27.56300102174282	(49.823699951171875, 72.62203979492188, -27.762990951538086)	(0.0465661957859993, -0.9987781047821045, -0.016551604494452477)	(-0.8420370817184448, -5.3291916847229, 0.007312532514333725)	-360.0696673830458	0.7438941320792778	0	0	0	0	5.7894603304415435	19	False	0	nan	1.7549221742598318
27.797501031309366	(49.466453552246094, 71.47358703613281, -27.758344650268555)	(-0.17052017152309418, -0.9851967692375183, -0.017614120617508888)	(-2.1083855628967285, -4.373574733734131, 0.014170899987220764)	-446.3887289527933	0.9020374330852241	0	0	0	0	5.311695373615191	17	False	0	nan	1.940738483748107
28.030751038342714	(48.88200759887695, 70.54240417480469, -27.764223098754883)	(-0.3796752691268921, -0.9249616265296936, -0.017108630388975143)	(-2.777592897415161, -3.653604745864868, -0.025662990286946297)	-402.4526685476304	0.7891228795051575	0	0	0	0	4.901609513416674	17	False	0	nan	1.9572801403331395
28.2655010484159	(48.14973831176758, 69.65592956542969, -27.763275146484375)	(-0.5313371419906616, -0.8471486568450928, -0.0044714598916471004)	(-3.5584957599639893, -4.102318286895752, 0.014066087082028389)	-271.98213994503055	0.5332983136177063	0	0	0.2531929086925105	0.2531929086925105	5.933642028423607	20	False	0	nan	1.9154933807256014
28.499001055955887	(47.21138000488281, 68.64964294433594, -27.76226806640625)	(-0.6326178312301636, -0.7744580507278442, 0.0030688962433487177)	(-4.415190696716309, -4.5490899085998535, 0.03179722651839256)	-153.51120024919499	0.3010023534297943	0	0	0.26939758322972507	0.26939758322972507	6.657212151798314	23	False	0	nan	1.863370624931037
28.732501063495874	(46.12236785888672, 67.57304382324219, -27.765256881713867)	(-0.6893396377563477, -0.7244381904602051, -0.00039101546281017363)	(-4.877574920654297, -4.653267860412598, -6.568431854248047e-05)	-86.26652777194946	0.16915005445480347	0	0	0.12498825907793698	0.12498825907793698	6.8067978485850125	24	False	0	nan	1.812409480383459
28.965501070022583	(44.97096252441406, 66.49957275390625, -27.767520904541016)	(-0.721158504486084, -0.6927417516708374, -0.0062626502476632595)	(-5.005092144012451, -4.513036251068115, -0.0008764733793213964)	-58.15703831613026	0.11403340846300125	0	0	0.0653963817543104	0.0653963817543104	6.813249447272729	24	False	0	nan	1.7636630635458723
29.19900107756257	(43.7890739440918, 65.45685577392578, -27.76796531677246)	(-0.7434039115905762, -0.6687915921211243, -0.00827893614768982)	(-5.12816858291626, -4.39739465713501, -0.017718605697155)	-48.34792166948346	0.09479984641075134	0	0	0.06941298912049798	0.06941298912049798	6.827634481872359	24	False	0	nan	1.69556784979997
29.433501087129116	(42.578739166259766, 64.43351745605469, -27.76838493347168)	(-0.7589821815490723, -0.6510557532310486, -0.00851442851126194)	(-5.24460506439209, -4.318973064422607, -0.010665853507816792)	-30.348477512598333	0.059506818652153015	0	0	0.0748589385338998	0.0748589385338998	6.882913640903295	24	False	0	nan	1.5986872582861875
29.666251093149185	(41.374290466308594, 63.404850006103516, -27.771501541137695)	(-0.7593932747840881, -0.6505698561668396, -0.008991208858788013)	(-5.148495674133301, -4.527697563171387, -8.654291741549969e-05)	39.94394682347781	-0.07832146435976028	0	0	0.07226574822054288	0.07226574822054288	6.758399357305387	25	False	0	nan	1.4985273751643233
29.900001101195812	(40.22822952270508, 62.333614349365234, -27.77479362487793)	(-0.7370840311050415, -0.6756740212440491, -0.013112062588334084)	(-4.614599704742432, -4.612914562225342, -0.005056547466665506)	88.37709705404964	-0.19234075624375355	0	0	0	0	6.669684995087029	23	False	0	nan	1.4431796903937864
30.13325110822916	(39.165653228759766, 61.21525955200195, -27.772274017333984)	(-0.7013176679611206, -0.7127993702888489, -0.008408102206885815)	(-4.509425640106201, -5.023906707763672, 0.010626719333231449)	85.83759918808943	-0.1683090180158615	0	0	0.12527207445453636	0.12527207445453636	6.693265871761928	24	False	0	nan	1.4393655772646605
30.3652511164546	(38.141056060791016, 60.034847259521484, -27.77200698852539)	(-0.6675839424133301, -0.7444841265678406, -0.008659440092742443)	(-4.284031867980957, -5.140552520751953, -0.01886962540447712)	71.38423115015041	-0.1399690806865692	0	0	0.0588086564517567	0.0588086564517567	6.784254094888512	24	False	0	nan	1.4471331853980305
30.599251125007868	(37.17975616455078, 58.80827713012695, -27.774551391601562)	(-0.628950834274292, -0.7773699164390564, -0.010814184322953224)	(-3.8664116859436035, -5.322274684906006, 0.017172381281852722)	103.15276084240672	-0.2022603154182434	0	0	0.03749076480691271	0.03749076480691271	6.511152351594554	24	False	0	nan	1.455123074703943
30.834001135081053	(36.33406448364258, 57.55217742919922, -27.77552032470703)	(-0.5767713785171509, -0.8168096542358398, -0.012520283460617065)	(-3.3420331478118896, -5.397823810577393, -0.0015492229722440243)	121.79530531167968	-0.2388143241405487	0	0	0.02136771858529296	0.02136771858529296	6.31777094397662	23	False	0	nan	1.47764973563827
31.066501140594482	(35.60790252685547, 56.269935607910156, -27.774436950683594)	(-0.5168507695198059, -0.8560240268707275, -0.009388916194438934)	(-2.9858219623565674, -5.7178568840026855, -0.007033596746623516)	130.19461780786523	-0.25528356432914734	0	0	0.08843030178340605	0.08843030178340605	6.258963525581965	23	False	0	nan	1.5037447112087177
31.299001146107912	(34.97434997558594, 54.911319732666016, -27.77460479736328)	(-0.4488506317138672, -0.893568754196167, -0.008243569172918797)	(-2.50687837600708, -5.987529754638672, -0.008103139698505402)	136.64357095956825	-0.2679285705089569	0	0	0.08181428110502686	0.08181428110502686	6.396228698558317	23	False	0	nan	1.5173947298071537
31.53200115263462	(34.42749786376953, 53.48342514038086, -27.7728271484375)	(-0.38277843594551086, -0.923816442489624, -0.006630140356719494)	(-2.1791021823883057, -6.280564785003662, -0.013214226812124252)	111.88354477286326	-0.2193794995546341	0	0	0.10547263517515826	0.10547263517515826	6.639737698706146	24	False	0	nan	1.527545268971834
31.766751162707806	(33.94640350341797, 52.00679016113281, -27.772478103637695)	(-0.3291361629962921, -0.9442456960678101, -0.008334007114171982)	(-1.896578073501587, -6.258299350738525, -0.010560285300016403)	79.9873723089693	-0.15683798491954803	0	0	0.05380184648637565	0.05380184648637565	6.501525094714825	24	False	0	nan	1.5399831716630241
31.999251168221235	(33.5189208984375, 50.551631927490234, -27.770679473876953)	(-0.29484549164772034, -0.9555078148841858, -0.008429860696196556)	(-1.7769126892089844, -6.300370216369629, 0.0001726507325656712)	42.93468274176132	-0.0841856524348259	0	0	0.07131277592412277	0.07131277592412277	6.622928701953085	24	False	0	nan	1.5295603624920802
32.2332511767745	(33.12022399902344, 49.070377349853516, -27.771263122558594)	(-0.2689315378665924, -0.9631223678588867, -0.008431799709796906)	(-1.6222256422042847, -6.354602813720703, 0.001574444118887186)	46.79253593087214	-0.09175007045269012	0	0	0.06998192457192642	0.06998192457192642	6.582069627111046	24	False	0	nan	1.494209784722027
32.46700118482113	(32.770660400390625, 47.582969665527344, -27.771806716918945)	(-0.23875023424625397, -0.9710400104522705, -0.008918595500290394)	(-1.3866046667099, -6.379762649536133, -0.011539801955223083)	58.57343137264232	-0.11484986543655396	0	0	0.06520950840920547	0.06520950840920547	6.566319662696326	24	False	0	nan	1.4559754643418013
32.70025119185448	(32.47100830078125, 46.089908599853516, -27.77119255065918)	(-0.20795047283172607, -0.9780990481376648, -0.008877115324139595)	(-1.1833558082580566, -6.433309078216553, 0.004881870001554489)	51.530600488186074	-0.10104039311408997	0	0	0.06819083895935019	0.06819083895935019	6.560290402082799	24	False	0	nan	1.4235102595119025
32.934001199901104	(32.216522216796875, 44.581031799316406, -27.771631240844727)	(-0.17701244354248047, -0.9841683506965637, -0.008908998221158981)	(-0.9981439113616943, -6.452422618865967, -0.00048342859372496605)	54.70813438296317	-0.10727085173130035	0	0	0.0668929643688414	0.0668929643688414	6.462147534455262	24	False	0	nan	1.4012319158501791
33.16775120794773	(32.009456634521484, 43.07094192504883, -27.771190643310547)	(-0.1465858519077301, -0.9891595840454102, -0.00871351920068264)	(-0.7780547142028809, -6.482468128204346, -0.004465647507458925)	51.15124784410003	-0.10029656440019608	0	0	0.0683405991695174	0.0683405991695174	6.607871736537969	24	False	0	nan	1.3949853203737606
33.40200121700764	(31.835037231445312, 41.550662994384766, -27.770343780517578)	(-0.12292719632387161, -0.9923796653747559, -0.008463136851787567)	(-0.707642674446106, -6.497899055480957, 0.0011794812744483352)	33.09488274157042	-0.06489192694425583	0	0	0.07418903781746145	0.07418903781746145	6.563325661302864	24	False	0	nan	1.3993563278519492
33.6372512280941	(31.686946868896484, 40.01365280151367, -27.77070426940918)	(-0.10296046733856201, -0.9946517944335938, -0.008181007578969002)	(-0.5657155513763428, -6.5318989753723145, -0.012058204039931297)	33.90494227405977	-0.06648027896881104	0	0	0.07398037250822909	0.07398037250822909	6.679050199386532	24	False	0	nan	1.4166859896927644
33.87125123664737	(31.555307388305664, 38.482242584228516, -27.76959228515625)	(-0.09028799086809158, -0.9958848357200623, -0.007841299287974834)	(-0.5429182648658752, -6.583404064178467, 0.009825406596064568)	10.039612278342165	-0.019685514271259308	0	0	0.07801248052787613	0.07801248052787613	6.6296711488249995	24	False	0	nan	1.441634186389979
34.09725124761462	(31.42591094970703, 36.99989318847656, -27.769105911254883)	(-0.08808135986328125, -0.9960812330245972, -0.007982416078448296)	(-0.5842205286026001, -6.5982770919799805, 0.01637805439531803)	-1.9297763239593912	0.0037838751450181007	0	0	0.07838568228888698	0.07838568228888698	6.7485345451695835	24	False	0	nan	1.462618803655452
34.32925125584006	(31.295700073242188, 35.4541015625, -27.76953887939453)	(-0.08481810986995697, -0.996363639831543, -0.0080930907279253)	(-0.5144560933113098, -6.653853893280029, -0.004405232146382332)	10.070324130356148	-0.019745733588933945	0	0	0.07801010600503488	0.07801010600503488	6.816882191733069	24	False	0	nan	1.4948576380487921
34.55375126749277	(31.16997718811035, 33.964942932128906, -27.76866340637207)	(-0.08455631881952286, -0.996385395526886, -0.008151979185640812)	(-0.613304615020752, -6.6875529289245605, -0.00937564019113779)	-6.560296202078488	0.012863325886428356	0	0	0.0782345348471396	0.0782345348471396	6.7688635622636015	24	False	0	nan	1.5380660555652288
